Author,Text,Date,Score,cleaned_text
surfinfan21,At this rate I‚Äôm just going to have my paycheck deposited with Apple and they can refund me an amount they find reasonable... üò∂,2020-12-21 21:54:43,2201,rate ‚Äô going paycheck deposited apple refund amount find reasonable üò∂
vishnusbasement,I wonder if Apple Care for these cars is going to replace traditional insurance. There are so many angles they could be looking to collect monthly payments.,2020-12-21 21:08:23,1959,wonder apple care cars going replace traditional insurance many angles could looking collect monthly payments
LowerMontaukBranch,More intrigued by the battery technology. I hope the 2020s brings forth a revolution in battery technology. Imagine phones or laptops with batteries that last weeks.,2020-12-21 21:22:56,815,intrigued battery technology hope 2020s brings forth revolution battery technology imagine phones laptops batteries last weeks
KillaWillaSea,"I feel like Apple could absolutely pull this off and come out ahead of Tesla if they play their cards right. They‚Äôre sitting on an absolutely massive pile of cash and can draw in top talent. 

I‚Äôll be interested to see how they try to differentiate themselves from the rest of the EV manufacturers.",2020-12-21 20:52:00,621,feel like apple could absolutely pull come ahead tesla play cards right ‚Äô sitting absolutely massive pile cash draw top talent ‚Äô interested see try differentiate rest ev manufacturers
[deleted],[deleted],2020-12-21 21:06:09,599,deleted
[deleted],"Unless their pricing is more aggressive than Tesla, I don‚Äôt see it.

Apple expects people to buy $550 headphones. I can only imagine what the starting price of their car would be. It won‚Äôt be $35,000, I can tell you that.",2020-12-21 21:02:16,554,unless pricing aggressive tesla ‚Äô see apple expects people buy 550 headphones imagine starting price car would ‚Äô 35000 tell
JimJamJamie,Insert verification AirPod,2020-12-21 22:38:40,531,insert verification airpod
[deleted],[deleted],2020-12-21 21:40:28,501,deleted
left4james,"Sadly, they will still be using the lightning port to charge the car battery.",2020-12-21 23:33:13,272,sadly still using lightning port charge car battery
ersan191,"A $35,000 base model 3 isn‚Äôt a luxury car, I don‚Äôt care how many times you paste that Forbes link.",2020-12-21 22:05:35,262,35000 base model 3 ‚Äô luxury car ‚Äô care many times paste forbes link
iwishiwasacoolkid,"Can‚Äôt wait to spend my Apple refund this year on something fun, like groceries.",2020-12-21 22:40:11,246,‚Äô wait spend apple refund year something fun like groceries
[deleted],[deleted],2020-12-21 21:58:14,219,deleted
[deleted],"You laugh, but you ain‚Äôt heard where it needs to be inserted yet",2020-12-22 00:29:14,213,laugh ‚Äô heard needs inserted yet
drunken-pineapple,Just imagine the amount of dongles that can be sold for a car....,2020-12-21 20:55:31,210,imagine amount dongles sold car
BadPronunciation,*laughs in AirPods max*,2020-12-21 22:42:34,200,laughs airpods max
greikini,"Before this happens, they will make the phones thinner or the CPUs more powerful. There are already phones out there with 3 times as much battery capacity, but like nobody cares.",2020-12-21 21:58:10,188,happens make phones thinner cpus powerful already phones 3 times much battery capacity like nobody cares
[deleted],"They have to be normal-sized ,not bricks",2020-12-21 22:01:27,160,normalsized bricks
[deleted],[removed],2020-12-21 22:29:01,159,removed
[deleted],"Nothing Apple makes is cheap, really.

A $35,000 electric car, especially a luxury car like a Tesla, is an amazing price. Compare it to something like a Chevy Bolt and they just don‚Äôt compare at all. The Chevy is more expensive with worse features.

Electric cars aren‚Äôt going to become widespread until they‚Äôre equal in price to gas cars.

Apple isn‚Äôt known for going after the low end of the market.",2020-12-21 21:09:10,150,nothing apple makes cheap really 35000 electric car especially luxury car like tesla amazing price compare something like chevy bolt ‚Äô compare chevy expensive worse features electric cars ‚Äô going become widespread ‚Äô equal price gas cars apple ‚Äô known going low end market
[deleted],"Ya, we should know very soon if they're actually planning to build a whole car themselves. They're going to need to hire a significant number of people and start procuring robots ASAP.

If we don't see mass hiring or any auto plants, or similar real estate, change hands soon (or in the recent past) then I have to imagine they're supplying tech and have a manufacturing partner. I would expect that partner is BMW.

Ford is a Microsoft and Rivian partner. Given GM's (limited) partnership with Nikola, I don't think it's GM. They're probably not going to choose Fiat/Chrysler because, well, it's Fiat/Chrysler. But, BMW has manufacturing  capacity in the US, has quickly adopted Apple technology in the past, and has a solid global dealer network.",2020-12-21 23:14:01,148,ya know soon theyre actually planning build whole car theyre going need hire significant number people start procuring robots asap dont see mass hiring auto plants similar real estate change hands soon recent past imagine theyre supplying tech manufacturing partner would expect partner bmw ford microsoft rivian partner given gms limited partnership nikola dont think gm theyre probably going choose fiatchrysler well fiatchrysler bmw manufacturing capacity us quickly adopted apple technology past solid global dealer network
JesterLeBester,Yeah... talk to me when Groceries Pro comes out,2020-12-21 23:17:17,148,yeah talk groceries pro comes
Baykey123,I can‚Äôt wait to try to change a flat tire only to realize I need pentalobe socket for the tire bolts,2020-12-21 21:17:25,142,‚Äô wait try change flat tire realize need pentalobe socket tire bolts
FullstackViking,Lol it‚Äôll be some two way Capacitive OLED screen,2020-12-21 22:10:30,123,lol ‚Äô two way capacitive oled screen
psaux_grep,Lightning Max^(tm),2020-12-22 00:58:06,109,lightning maxtm
tecialist,"By that logic, Apple can make anything.",2020-12-21 22:22:53,105,logic apple make anything
stonks_justgoup,"I'm sure this is in Apple's sights, but like the ""rumored TV"" was for the longest time, I have a feeling the final product will be scaled back far from a car form factor.

It makes more sense that whatever is in the works is a hardware/software product for gathering all types of data inputs revolved around the driving experience to strengthen their inputs and outputs for/from deep learning.

For example, I can totally see a battery management and carOS experience sold as a package deal to struggling auto manufacturers who simply don't have the expertise -- the industry conditions are certainly ripe for an arms race. This will strengthen macOS and iOS battery management tech as well. It makes sense that it runs some future iteration of M1 to further separate Apple's SoC advantage from the pack.  I'm reminded of this article with Apple exec John Giannandrea, [https://arstechnica.com/gadgets/2020/08/apple-explains-how-it-uses-machine-learning-across-ios-and-soon-macos/](https://arstechnica.com/gadgets/2020/08/apple-explains-how-it-uses-machine-learning-across-ios-and-soon-macos/)

This data, trained on millions of hours of driving, can produce a 'brain' strong enough to inform a more final form of a product where Apple earns end-to-end control. In a lot of ways, this reminds me of the insights Apple eventually came to with test flighting the Moto ROKR (which famously resulted in Steve's disgust towards carriers, and crafting a carrier playbook for iPhone). Only this time, they are in a way better position to influence the industry.

Going light and impactful with dollars spent gives Apple the benefits of a platform (and everything that comes with being in the Apple ecosystem), without having to front the capital intensive costs of car production. Apple can capture the hardware and software margin on top of a car that's sold and packaged in a way consumers can understand, without having to commit to a single 'car' model -- and at the same time, bolster the Apple ecosystem in a user-friendly way that informs the 'final form' of Apple Car (which won't have 4 wheels to begin with).",2020-12-21 21:41:02,102,im sure apples sights like rumored tv longest time feeling final product scaled back far car form factor makes sense whatever works hardwaresoftware product gathering types data inputs revolved around driving experience strengthen inputs outputs forfrom deep learning example totally see battery management caros experience sold package deal struggling auto manufacturers simply dont expertise industry conditions certainly ripe arms race strengthen macos ios battery management tech well makes sense runs future iteration m1 separate apples soc advantage pack im reminded article apple exec john giannandrea httpsarstechnicacomgadgets202008appleexplainshowitusesmachinelearningacrossiosandsoonmacoshttpsarstechnicacomgadgets202008appleexplainshowitusesmachinelearningacrossiosandsoonmacos data trained millions hours driving produce brain strong enough inform final form product apple earns endtoend control lot ways reminds insights apple eventually came test flighting moto rokr famously resulted steves disgust towards carriers crafting carrier playbook iphone time way better position influence industry going light impactful dollars spent gives apple benefits platform everything comes apple ecosystem without front capital intensive costs car production apple capture hardware software margin top car thats sold packaged way consumers understand without commit single car model time bolster apple ecosystem userfriendly way informs final form apple car wont 4 wheels begin
[deleted],[deleted],2020-12-21 23:00:41,101,deleted
OutoflurkintoLight,And the car battery comes with a 5w charger for the next decade.,2020-12-21 23:30:50,101,car battery comes 5w charger next decade
thedrivingcat,"    Important Engine Message
>""Unable to verify this iCar has genuine Apple oil. Vehicle will not travel above 30mph (50km/h)""",2020-12-22 01:07:28,96,important engine message unable verify icar genuine apple oil vehicle travel 30mph 50kmh
Dragon_yum,"They pretty much can. They got the money, talent and the prestige to get the best people. Just a month ago they arte the cake of the worlds biggest cpu company.",2020-12-21 23:29:57,85,pretty much got money talent prestige get best people month ago arte cake worlds biggest cpu company
avr91,"Not in the slightest. Insurance covers damage to other property and injury, and is in some US states required by law. Cannot imagine that Apple would get into that business.",2020-12-21 22:26:30,78,slightest insurance covers damage property injury us states required law imagine apple would get business
andrewjaekim,"I‚Äôm sorry but did you just call Tesla a luxury car. 

The sheer amount of QA issues and the low quality of materials that Tesla uses doesn‚Äôt put it into luxury car territory. Luxury car price maybe. 

You buy a Tesla for the tech. That‚Äôs about it.

EDIT: for those unfamiliar with Tesla's QA issues

https://www.thedrive.com/news/22951/new-tesla-model-3-with-mismatched-door-panels-is-a-new-kind-of-bespoke-build

https://www.motortrend.com/news/tesla-model-y-ev-safety-quality-issues-problems/

https://www.autoblog.com/2020/10/05/tesla-roof-flies-off-build-quality-control/

https://www.consumerreports.org/car-reliability-owner-satisfaction/tesla-model-3-loses-cr-recommendation-over-reliability-issues/

I know since this is a tech focused sub that this is a controversial thing to say but Tesla‚Äôs have their strengths but also have their weaknesses.",2020-12-21 21:54:58,77,‚Äô sorry call tesla luxury car sheer amount qa issues low quality materials tesla uses ‚Äô put luxury car territory luxury car price maybe buy tesla tech ‚Äô edit unfamiliar teslas qa issues httpswwwthedrivecomnews22951newteslamodel3withmismatcheddoorpanelsisanewkindofbespokebuild httpswwwmotortrendcomnewsteslamodelyevsafetyqualityissuesproblems httpswwwautoblogcom20201005teslarooffliesoffbuildqualitycontrol httpswwwconsumerreportsorgcarreliabilityownersatisfactionteslamodel3losescrrecommendationoverreliabilityissues know since tech focused sub controversial thing say tesla ‚Äô strengths also weaknesses
coconutjuices,35k for the average American is a luxury expense...,2020-12-21 22:18:08,77,35k average american luxury expense
derfmatic,Tires are not user serviceable.  You got to bring it to the Apple store to have it replaced for $2500 each (got to replace all 4 for optimum experience).,2020-12-21 22:35:57,71,tires user serviceable got bring apple store replaced 2500 got replace 4 optimum experience
[deleted],[removed],2020-12-22 01:20:17,70,removed
[deleted],[deleted],2020-12-21 22:42:08,68,deleted
[deleted],[removed],2020-12-21 23:45:44,68,removed
[deleted],[removed],2020-12-21 23:10:44,63,removed
Jimmy48Johnson,An iPhone can last a month if you go back to the feature set of that Ericsson T28.,2020-12-21 22:45:12,61,iphone last month go back feature set ericsson t28
leah_amelia,Product (RED) Groceries,2020-12-22 00:22:44,59,product red groceries
mags87,That doesn't make it a luxury vehicle.,2020-12-21 23:38:52,58,doesnt make luxury vehicle
Anazazi,"I could see them partnering with an existing insurer rather than offering their own. Underwriting policies for a relatively new market is scary for existing insurers, let alone a company who has no experience with it.",2020-12-21 22:23:16,57,could see partnering existing insurer rather offering underwriting policies relatively new market scary existing insurers let alone company experience
DyNATO,Would make sense with BMW. Didn‚Äôt they also collab on some door/ignition key tech for the new BMW 5-series?,2020-12-21 23:23:35,56,would make sense bmw ‚Äô also collab doorignition key tech new bmw 5series
yngvius11,Why not? Tesla sells its own insurance.,2020-12-21 22:34:31,56,tesla sells insurance
CanYouPleaseChill,"This would likely be a poor decision. Why would Apple want to get into a highly competitive, low-margin, capital-intensive business? Their returns on capital in their existing business are a lot higher than what they'd earn in the automotive business.",2020-12-21 22:03:33,54,would likely poor decision would apple want get highly competitive lowmargin capitalintensive business returns capital existing business lot higher theyd earn automotive business
[deleted],"I can‚Äôt wait for them to release a $100k luxury car someday, only to be condemned by bloggers around the world for overpricing it, as they drive away in their ‚Äò97 Accords",2020-12-21 22:12:06,53,‚Äô wait release 100k luxury car someday condemned bloggers around world overpricing drive away ‚Äò 97 accords
KyledKat,"I disagree. Those cheap products are using internals that have been around for years. The R&D, production pipelines, and any overhead have already been dealt with. A brand new product like a car is going to run on the higher-end of the market given how little infrastructure there currently is for Apple to do any of that",2020-12-21 21:10:04,52,disagree cheap products using internals around years rd production pipelines overhead already dealt brand new product like car going run higherend market given little infrastructure currently apple
dsquareddan,"I‚Äôm still under belief that this isn‚Äôt an Apple branded car, but an operating system with specific hardware requirements for other car manufacturers.

The logistics of building, shipping, and repairing cars across the globe is an enormous undertaking. Without swallowing an already established manufacturing facility, I just don‚Äôt see it happening. Apple might be sitting on a mountain of cash, but that doesn‚Äôt mean they are going to risk it for something that would most likely be the largest risk to date on a ‚Äúproduct‚Äù.

And it‚Äôs more than just build an electric car at this point. You need a robust fast charging network, which at this point only Tesla truly has. Electrify America is more and more widespread, but charge speeds are not comparable. And outside America, example Canada where I live, you will be hard pressed to find anything as common as Tesla chargers.

If they partner with existing manufacturers, like they have with CarPlay and CarKey integration already, it makes the whole idea a lot easier to implement and gives customers still the choice to follow brands they already are familiar with, such as BMW, Volkswagen, Ford etc.",2020-12-21 22:59:12,50,‚Äô still belief ‚Äô apple branded car operating system specific hardware requirements car manufacturers logistics building shipping repairing cars across globe enormous undertaking without swallowing already established manufacturing facility ‚Äô see happening apple might sitting mountain cash ‚Äô mean going risk something would likely largest risk date ‚Äú product ‚Äù ‚Äô build electric car point need robust fast charging network point tesla truly electrify america widespread charge speeds comparable outside america example canada live hard pressed find anything common tesla chargers partner existing manufacturers like carplay carkey integration already makes whole idea lot easier implement gives customers still choice follow brands already familiar bmw volkswagen ford etc
[deleted],[removed],2020-12-21 21:10:20,48,removed
twilight_sparkle7511,"Ye if u get down to it the model 3 is lacking many luxury features such as heads up display, blind spot monitoring, overhead camera, cooled seats, the actual interior is not bad bur not amazing, up until recently i dont think they even had a power operated boot. The giant touch screen in the end is cool but kinda gimicky   Its just all your controls but digitized with some feature like netflix and games. Autopilot is really whats saving them features wise",2020-12-21 22:39:03,48,ye u get model 3 lacking many luxury features heads display blind spot monitoring overhead camera cooled seats actual interior bad bur amazing recently dont think even power operated boot giant touch screen end cool kinda gimicky controls digitized feature like netflix games autopilot really whats saving features wise
hunny_bun_24,I do agree with you. Audi and Porsche have done a better job at delivering a luxury experience but techies don‚Äôt need luxury. Techies need the best tech features.,2020-12-21 22:22:29,44,agree audi porsche done better job delivering luxury experience techies ‚Äô need luxury techies need best tech features
beretta01,Power brick not included.,2020-12-22 01:31:58,42,power brick included
BobioliCommentoli,We think you‚Äôll love it.,2020-12-21 23:29:11,42,think ‚Äô love
Nathan2055,"As much as I used to agree with you there, having gone from an iPhone 6S to an iPhone XR, they‚Äôve really improved the battery drastically. The XR lasts like 2.5x as long as the 6S did.

On top of that, the iPhone 7 was, IIRC, the last year where they actually made the iPhone thinner. Since then, most of the models have either remained the same or even slightly *increased* the thickness, culminating in the iPhone 12 line actually reverting to the iPhone 4 and 5-style square edges.

The problem is that it‚Äôs really difficult to offer massive performance boosts *and* massive battery life increases in the same form factor at the same time. The hardware revision on the Switch managed to double the battery life by upgrading to a newer and faster SoC, but it still targets the same performance that the original model was getting. Because of that, they can reduce the power draw to get additional battery life. Meanwhile, Apple is trying to offer massive yearly performance bumps. They can do that, and keep the battery life generally where it was last year, or they can provide similar performance and much better battery life. Or you can carry a comically oversized brick around with you and get both.

But it *is* disingenuous to say that Apple simply isn‚Äôt working on those problem. The fact that the M1 MacBook Air has 12+ hours of battery life while still offering performance equivalent to a desktop PC is a testament to that.",2020-12-22 01:44:36,38,much used agree gone iphone 6s iphone xr ‚Äô really improved battery drastically xr lasts like 25x long 6s top iphone 7 iirc last year actually made iphone thinner since models either remained even slightly increased thickness culminating iphone 12 line actually reverting iphone 4 5style square edges problem ‚Äô really difficult offer massive performance boosts massive battery life increases form factor time hardware revision switch managed double battery life upgrading newer faster soc still targets performance original model getting reduce power draw get additional battery life meanwhile apple trying offer massive yearly performance bumps keep battery life generally last year provide similar performance much better battery life carry comically oversized brick around get disingenuous say apple simply ‚Äô working problem fact m1 macbook air 12 hours battery life still offering performance equivalent desktop pc testament
filmantopia,"Unlike the TV, this is a far bigger project that Apple has has hundreds of people working on for five or more years, including hires from around the automotive industry. They're likely narrowing it down at this point.",2020-12-21 21:54:20,37,unlike tv far bigger project apple hundreds people working five years including hires around automotive industry theyre likely narrowing point
[deleted],"Yeah they will just make the battery the size of a grain of rice so that they can have the thinnest and lightest phone. Personally, I think phones are plenty light and are honestly already *too* thin, in that they are getting difficult to hold without a case.",2020-12-21 23:17:52,37,yeah make battery size grain rice thinnest lightest phone personally think phones plenty light honestly already thin getting difficult hold without case
Chicken-n-Waffles,"Well, they do have a credit card.",2020-12-21 23:17:44,34,well credit card
catlong8,"I don‚Äôt really get what your point here is? Mobile phones are high margin, retail stores are also high margin when you‚Äôre selling your own high margin products, especially so with the target demographic. Online music also isn‚Äôt capital intensive and wasn‚Äôt highly competitive when iTunes started?",2020-12-21 22:46:47,34,‚Äô really get point mobile phones high margin retail stores also high margin ‚Äô selling high margin products especially target demographic online music also ‚Äô capital intensive ‚Äô highly competitive itunes started
Baykey123,Mac Pro wheels cost more than a set of 4 tires for my Honda,2020-12-21 23:42:56,34,mac pro wheels cost set 4 tires honda
GODZiGGA,"Yes, Tesla's insurance is underwritten by AXA, a large insurance and financial services company.",2020-12-21 23:55:44,34,yes teslas insurance underwritten axa large insurance financial services company
beretta01,....because eNvIrOmEnT,2020-12-22 01:32:17,33,enviroment
[deleted],that's what a battery pack is for,2020-12-21 23:13:09,33,thats battery pack
Nathan2055,"Like others have said, I imagine they would get an existing company to underwrite it but then handle all of the foreword-facing elements themselves, similar to what they did with Goldman for the Apple Card.",2020-12-22 01:34:14,31,like others said imagine would get existing company underwrite handle forewordfacing elements similar goldman apple card
[deleted],"You could say the same thing about Google. They got the money, talent and the prestige to get the best people.

Yet the list of failed Google products is very long.

Just because a company is succesfull in one area doesn't mean they will be succesfull in every area.",2020-12-22 05:51:43,30,could say thing google got money talent prestige get best people yet list failed google products long company succesfull one area doesnt mean succesfull every area
North_Activist,"Google spends money on 1000 different products and kills 90% of them after a year or two, so people look at Google as unreliable. Apple in the other hand as only focused on a couple of products and rarely if ever kills them quickly afterwards",2020-12-22 06:08:32,30,google spends money 1000 different products kills 90 year two people look google unreliable apple hand focused couple products rarely ever kills quickly afterwards
nolte100,"It‚Äôll debut right after the Apple television that‚Äôs been ‚Äúright around the corner‚Äù for like 20 years.

I can believe Apple is dabbling in battery tech related to cars or self-driving tech, in the interest of expanding/diversifying their product portfolio. Don‚Äôt hold your breath for an Apple-branded car.",2020-12-21 22:31:22,29,‚Äô debut right apple television ‚Äô ‚Äú right around corner ‚Äù like 20 years believe apple dabbling battery tech related cars selfdriving tech interest expandingdiversifying product portfolio ‚Äô hold breath applebranded car
DaveInLondon89,"The car will charge your iPhone wirelessly, I guarantee it. 

You'll also have to get it repaired at the GenuisBarage",2020-12-21 22:09:43,29,car charge iphone wirelessly guarantee youll also get repaired genuisbarage
IAmTaka_VG,"LMAO and who do you think Apple will be buying their batteries from? Musk is an asshole but he's not an idiot. He knows whoever owns the batteries, owns the EV market which is why Tesla is pouring 90% of their money in making those Giga-factories.

Tesla is going to be fine and I just don't see Apple making a car. Everyone here thinks it's going to be Apple branded rims when the leaks tell a much different story. Rumour is Apple just wants to sell the software (self driving and dashboard). They are leaving the car up to manufacturers.",2020-12-21 23:14:24,29,lmao think apple buying batteries musk asshole hes idiot knows whoever owns batteries owns ev market tesla pouring 90 money making gigafactories tesla going fine dont see apple making car everyone thinks going apple branded rims leaks tell much different story rumour apple wants sell software self driving dashboard leaving car manufacturers
pn_dubya,Bloggers drove Model 3s these days - it‚Äôll be an Apple vs Tesla fanboy battle.,2020-12-21 22:39:58,29,bloggers drove model 3s days ‚Äô apple vs tesla fanboy battle
jbr_r18,Tomatoes and Strawberries all year round,2020-12-22 00:30:01,29,tomatoes strawberries year round
11_25_13_TheEdge,Apples.,2020-12-22 03:18:01,29,apples
LeLocle,Nope you'll have a crate of apple on your doorstep every week. That's it.,2020-12-21 23:08:25,27,nope youll crate apple doorstep every week thats
sevaiper,"It doesn‚Äôt really have any significant advantages though, insurance costs what it costs for a reason.",2020-12-21 22:44:59,27,‚Äô really significant advantages though insurance costs costs reason
Sigma1979,"We're already making excuses for Apple nickle and diming the consumer for a product that hasn't even been released yet, LMAO",2020-12-21 22:50:48,27,already making excuses apple nickle diming consumer product hasnt even released yet lmao
everythingiscausal,"I‚Äôm still skeptical that this‚Äôll ever see the light of day, but if there‚Äôs any one differentiating factor that could give them a clear winner of a product, it‚Äôs significantly improved battery tech.",2020-12-21 21:41:53,26,‚Äô still skeptical ‚Äô ever see light day ‚Äô one differentiating factor could give clear winner product ‚Äô significantly improved battery tech
Jeffy29,Yeah this article is full of shit. If Apple was looking to sell a car by 2024 they would already need to start building manufacturing plants and setting up their supply chains. Those kinds of things take years to setup and you can‚Äôt do it in secrecy. Apple would by now firmly know if they are making a car or not.,2020-12-22 00:57:30,26,yeah article full shit apple looking sell car 2024 would already need start building manufacturing plants setting supply chains kinds things take years setup ‚Äô secrecy apple would firmly know making car
gadgetluva,"AutoPilot comes with the Model 3, FSD costs $10k",2020-12-21 23:11:20,26,autopilot comes model 3 fsd costs 10k
[deleted],[deleted],2020-12-21 21:11:13,25,deleted
[deleted],[deleted],2020-12-22 04:21:06,25,deleted
mazu74,"At this point, I‚Äôm just assuming it‚Äôs because Apple and Amazon just want to rule the fucking country",2020-12-21 23:27:52,24,point ‚Äô assuming ‚Äô apple amazon want rule fucking country
lick_it,"Dyson tried and failed, granted Apple > Dyson but manufacturing cars is hard. An order of magnitude harder than phone manufacturing. Anyone can make a car but what makes it hard is making an affordable car.",2020-12-21 22:13:25,23,dyson tried failed granted apple dyson manufacturing cars hard order magnitude harder phone manufacturing anyone make car makes hard making affordable car
TheRealBejeezus,"Even AppleCare is ""really"" outside insurance company contracts.",2020-12-22 00:42:02,23,even applecare really outside insurance company contracts
lownotelee,"It doesn‚Äôt have to be US$35k. Tesla‚Äôs first car was in the US$x00k region, their next was closer to US$100k, and Tesla seem to be having trouble hitting the US$35k mark.

I‚Äôd be absolutely stunned if Apple offer anything automotive for under US$100k.",2020-12-21 22:20:44,23,‚Äô us35k tesla ‚Äô first car usx00k region next closer us100k tesla seem trouble hitting us35k mark ‚Äô absolutely stunned apple offer anything automotive us100k
doommaster,"They might do the same they do in their other products and cripple functionality on the base of consumer protection.

Which is a lie, but so far calmed/smeared every lawmaker in the US.",2020-12-21 23:56:29,22,might products cripple functionality base consumer protection lie far calmedsmeared every lawmaker us
GLOBALSHUTTER,Their differentiator from a Tesla will be customer service and quality control. Their differentiator over the other guys is improved software experience.,2020-12-21 22:52:24,22,differentiator tesla customer service quality control differentiator guys improved software experience
GLOBALSHUTTER,"I disagree. Tesla is car company that is ahead on software at a time when software is becoming ever more important to cars. Apple won‚Äôt beat Tesla on speed or features but they‚Äôll certainly beat them on customer service and quality control. If they make a car they‚Äôll play the long game. They should release a car before their self-driving is perfected though and use the fleet for learning all while severely limiting the self-driving user driving options. Heck, if Apple has their head screwed on their car will have simple functionality such as a way to open the glovebox without needing to use the centre display. Basic stuff such as dials for climate control. Apple adding a Digital Crown as the control method for AirPods Max honestly bodes well for thinking about the prospect of them making a car. The UX of car ownership of most cars honestly sucks. Sitting at an Apple car dashboard might be a nice place to be. The idea of being in control of that experience probably tantalisers the designers at Apple.",2020-12-21 22:39:13,22,disagree tesla car company ahead software time software becoming ever important cars apple ‚Äô beat tesla speed features ‚Äô certainly beat customer service quality control make car ‚Äô play long game release car selfdriving perfected though use fleet learning severely limiting selfdriving user driving options heck apple head screwed car simple functionality way open glovebox without needing use centre display basic stuff dials climate control apple adding digital crown control method airpods max honestly bodes well thinking prospect making car ux car ownership cars honestly sucks sitting apple car dashboard might nice place idea control experience probably tantalisers designers apple
stonks_justgoup,"It's most likely the brain that they're targeting and it won't be a car. My bet is with Porsche, Mercedes, BMW, Lexus -- whoever is falling behind in sales but still has consumer mindshare / demographic crossover.

Working in the industry, hardware is incredibly capital intensive (not just materials, but also on long term commitments) and you constantly have to weigh the opportunity cost of capital in the product development process. To break in as a new entrant, you need to break in your product experience into things that look familiar to the consumer or else you front enormous mindshare risk in an attempt to 'create a market'.

It's well known that software marginal costs at scale are close to zero, and the profit is in the ability to rent it out or sell it in an enterprise environment. Apple is no stranger to this advantage they have on both sides and they will use it in powerful ways.",2020-12-21 22:03:15,22,likely brain theyre targeting wont car bet porsche mercedes bmw lexus whoever falling behind sales still consumer mindshare demographic crossover working industry hardware incredibly capital intensive materials also long term commitments constantly weigh opportunity cost capital product development process break new entrant need break product experience things look familiar consumer else front enormous mindshare risk attempt create market well known software marginal costs scale close zero profit ability rent sell enterprise environment apple stranger advantage sides use powerful ways
tuffode,"yeah, and the 2017 5 series was the first car with wireless apple carplay",2020-12-22 00:51:14,22,yeah 2017 5 series first car wireless apple carplay
RollTide09,"I‚Äôm pretty sure Tesla uses a third party to handle it all, right?",2020-12-21 22:58:13,22,‚Äô pretty sure tesla uses third party handle right
ojedaforpresident,"The premise was, imagine if... 

we came from the scenario in which that was the reality. Practically speaking, chargers are all around us. We've chosen to walk around with micro computers that make most computers >5 years old look like they're a pocket calculator. 

Most people don't care that you have to plug in a phone at night, or in ones car. Once a phone battery handles being actively engaged for a full day, the extra hours or days become marginally important to an overwhelming majority of the population.",2020-12-21 22:59:17,22,premise imagine came scenario reality practically speaking chargers around us weve chosen walk around micro computers make computers 5 years old look like theyre pocket calculator people dont care plug phone night ones car phone battery handles actively engaged full day extra hours days become marginally important overwhelming majority population
[deleted],[deleted],2020-12-21 21:35:01,22,deleted
stonks_justgoup,"There are people in the industry who manufacture rumors for various reasons -- whether that's to gain leverage on a partner, test flight ideas for consumer feedback, identify leakers, etc. Apple branded car doesn't necessarily mean from the rubber up. It could be a co-branded project.

People also infamously said the iPhone would have two keyboards, two batteries, and take after the design of the LG Chocolate -- while also saying (and trying to prove via photos) that the 5th generation iPod would have the same body with a touch screen and that it wasn't going to make its way into the iPhone. We know how that one turned out..

As someone who has been following Apple's every move since 2005 who now works in this industry, I wouldn't take much stock in those rumors. History has proven over and over again that the rumor mill is not a reliable source of information, with exception to Ming Chi Kuo, who has crazy supply chain contacts. Plans change, and Apple is run by people who are thinking in decades -- not to hit an arbitrary consumer/media expectation by 2024.",2020-12-21 22:12:58,21,people industry manufacture rumors various reasons whether thats gain leverage partner test flight ideas consumer feedback identify leakers etc apple branded car doesnt necessarily mean rubber could cobranded project people also infamously said iphone would two keyboards two batteries take design lg chocolate also saying trying prove via photos 5th generation ipod would body touch screen wasnt going make way iphone know one turned someone following apples every move since 2005 works industry wouldnt take much stock rumors history proven rumor mill reliable source information exception ming chi kuo crazy supply chain contacts plans change apple run people thinking decades hit arbitrary consumermedia expectation 2024
Chowder1054,"35 is base. If you want to add more features and especially the self driving features that Tesla is known for, you‚Äôre gonna be paying well above 35K.

To be actually affordable to the average person, it‚Äô should be in the high 10s to mid 20s. And not to mention the charging stations infrastructure isn‚Äôt that great everywhere.",2020-12-21 23:05:03,21,35 base want add features especially self driving features tesla known ‚Äô gon na paying well 35k actually affordable average person ‚Äô high 10s mid 20s mention charging stations infrastructure ‚Äô great everywhere
tkim91321,"iCar: MSRP starting $70k

iCar Pro: MSRP starting $100k

iCar Pro Max: MSRP starting $130k

Charger sold separately. Battery replacement with Apple Care, $4000. Proprietary charger so none of the EV chargers are compatible. Dongle adapter for $2000.",2020-12-21 21:41:52,20,icar msrp starting 70k icar pro msrp starting 100k icar pro max msrp starting 130k charger sold separately battery replacement apple care 4000 proprietary charger none ev chargers compatible dongle adapter 2000
badgarok725,"Those wheels are stupid, but that makes it mind glowingly dumb",2020-12-22 01:44:39,20,wheels stupid makes mind glowingly dumb
jas417,"However, everything Apple makes is cheap compared with the upper end of the car market.

Also, everything Apple makes is priced towards the top of what a very large market is willing to pay for it.

Most people cannot and will never be able to afford a new Porsche or Mercedes-Benz product. Most people can afford an iPhone, even if it's a splurge. I bet they'll actually shoot for products that match the premium feel of everything they make but it'll be more in the $30k-$60k range than the high-end(for cars).",2020-12-21 23:04:26,20,however everything apple makes cheap compared upper end car market also everything apple makes priced towards top large market willing pay people never able afford new porsche mercedesbenz product people afford iphone even splurge bet theyll actually shoot products match premium feel everything make itll 30k60k range highendfor cars
Tlan_Imass,the cost of insurance is in the domain of actuarial science,2020-12-21 23:35:25,20,cost insurance domain actuarial science
jae-corn,Luxury expense does not always equal luxury quality item.,2020-12-22 01:30:09,20,luxury expense always equal luxury quality item
Saiing,"I wish Apple luck.  The only thing I would hope is that if they genuinely make advancements in battery tech, they are willing to license or share it with the world.  Improved batteries is something that can benefit mankind and contribute to a reduction in CO2 emissions.  This is way more important than competitive business activities, and shouldn‚Äôt be in the hands of a single company.  For sure Apple can ask for a royalty on any technology they develop, but I really hope they don‚Äôt keep something like that to themselves.",2020-12-21 22:37:05,19,wish apple luck thing would hope genuinely make advancements battery tech willing license share world improved batteries something benefit mankind contribute reduction co2 emissions way important competitive business activities ‚Äô hands single company sure apple ask royalty technology develop really hope ‚Äô keep something like
FermiThePhysicist,Funny but presumably they‚Äôd only ever produce electric cars or supply tech for gas car,2020-12-22 03:42:09,19,funny presumably ‚Äô ever produce electric cars supply tech gas car
mushiexl,"*car needs new brake pads and resurfacing*

Apple Dealership Mechanic: **just throw away the whole car bro**",2020-12-21 23:18:59,19,car needs new brake pads resurfacing apple dealership mechanic throw away whole car bro
HansBananaNuke,iphones are really heavy mine is 230g,2020-12-22 00:33:57,18,iphones really heavy mine 230g
wetsip,">	It remains unclear who would assemble an Apple-branded car, but sources have said they expect the company to rely on a manufacturing partner to build vehicles. And there is still a chance Apple will decide to reduce the scope of its efforts to an autonomous driving system that would be integrated with a car made by a traditional automaker, rather than the iPhone maker selling an Apple-branded car, one of the people added.

Yeah, well, that‚Äôs kinda the most important detail here and without it this is a non-story. 

Building a car is not the same as building consumer electronics it‚Äôs in a completely different category and contracting that work out is a really weird model because of the volumetric needs of a car manufacturing plant *and* we haven‚Äôt even addressed battery manfuacturing something traditional car makers *can not do or have not proven effective at.* Maybe Apple licenses its technology to a traditional auto maker but even that is weird for Apple who loves vertical integration and tight control to optimize for user experience. 

This is a huge leap and this story gives us no details.

**note:** I‚Äôm not saying Apple shouldn‚Äôt make a car or that Apple would not succeed at making a car, I‚Äôm just really skeptical of Apple getting into the car manufacturing business.",2020-12-21 22:53:56,17,remains unclear would assemble applebranded car sources said expect company rely manufacturing partner build vehicles still chance apple decide reduce scope efforts autonomous driving system would integrated car made traditional automaker rather iphone maker selling applebranded car one people added yeah well ‚Äô kinda important detail without nonstory building car building consumer electronics ‚Äô completely different category contracting work really weird model volumetric needs car manufacturing plant ‚Äô even addressed battery manfuacturing something traditional car makers proven effective maybe apple licenses technology traditional auto maker even weird apple loves vertical integration tight control optimize user experience huge leap story gives us details note ‚Äô saying apple ‚Äô make car apple would succeed making car ‚Äô really skeptical apple getting car manufacturing business
PHXHoward,But what will I do with all of the Apple stickers that come with products if there‚Äôs already an Apple logo on the car???,2020-12-21 23:35:38,17,apple stickers come products ‚Äô already apple logo car
YJCH0I,"Cue ‚ÄúIf Apple made a car, would it have Windows? Hurdurdurdur‚Äù jokes.",2020-12-21 22:51:25,17,cue ‚Äú apple made car would windows hurdurdurdur ‚Äù jokes
TangoZulu,"This would likely be a poor decision. Why would Apple want to get into a highly competitive, low-margin, capital-intensive business? Their returns on capital in their existing business are a lot higher than what they'd earn in the **mobile phone** business.

This would likely be a poor decision. Why would Apple want to get into a highly competitive, low-margin, capital-intensive business? Their returns on capital in their existing business are a lot higher than what they'd earn in the **retail store** business.

This would likely be a poor decision. Why would Apple want to get into a highly competitive, low-margin, capital-intensive business? Their returns on capital in their existing business are a lot higher than what they'd earn in the **online music** business.",2020-12-21 22:28:45,16,would likely poor decision would apple want get highly competitive lowmargin capitalintensive business returns capital existing business lot higher theyd earn mobile phone business would likely poor decision would apple want get highly competitive lowmargin capitalintensive business returns capital existing business lot higher theyd earn retail store business would likely poor decision would apple want get highly competitive lowmargin capitalintensive business returns capital existing business lot higher theyd earn online music business
engwish,And you have to flip the car over to plug it in.,2020-12-22 07:11:40,16,flip car plug
InsertOffensiveWord,except autopilot is a $10k option,2020-12-21 22:58:30,16,except autopilot 10k option
[deleted],They can raise your rates 10 ms before your crash.,2020-12-22 01:02:49,16,raise rates 10 ms crash
stcwhirled,The TLX is basically an Accord snd starts at $35k is not really a luxury car...,2020-12-21 23:14:20,16,tlx basically accord snd starts 35k really luxury car
APintoNY,"Tesla calls autopilot ‚Äúautopilot‚Äù but it‚Äôs literally just lane keep assist and adaptive cruise control, the name is a marketing ploy. The actual autopilot is the full self driving, but every calls full self driving autopilot because thats how they were always talking about it. Kinda sketchy on them tbh.",2020-12-22 01:09:05,16,tesla calls autopilot ‚Äú autopilot ‚Äù ‚Äô literally lane keep assist adaptive cruise control name marketing ploy actual autopilot full self driving every calls full self driving autopilot thats always talking kinda sketchy tbh
CustomaryTurtle,"The thing about it is, a lot of people don't see a car as a 35k lump sum.

If you can get a low financing rate on the car, $35k suddenly becomes ~$500 a month (after a decent downpayment). To many people, who need a car to get to and from work, $500 a month is very doable at a mediocre salary, especially for the younger crowd without children.",2020-12-22 00:37:49,16,thing lot people dont see car 35k lump sum get low financing rate car 35k suddenly becomes 500 month decent downpayment many people need car get work 500 month doable mediocre salary especially younger crowd without children
TangoZulu,That's what they said when Apple announced the iPhone. Just sayin'...,2020-12-21 22:21:31,15,thats said apple announced iphone sayin
pn_dubya,"The Porsche Taycan is ~$150k and selling well. Model X is typically over $100k, Lucid‚Äôs models will span $75k-$170k. There‚Äôs definitely a market and Apple can afford to invest and learn.",2020-12-21 22:37:43,15,porsche taycan 150k selling well model x typically 100k lucid ‚Äô models span 75k170k ‚Äô definitely market apple afford invest learn
[deleted],[deleted],2020-12-21 22:25:44,15,deleted
DavidisLaughing,"Apple will need to build massive infrastructure to accomplish this. I doubt that is something we would miss. Until that point I will not believe it. As Tesla has proven, you can design a car very easily, it‚Äôs the production that is difficult.

Good luck, hope they succeed if that‚Äôs the direction they want to go.",2020-12-21 23:30:45,14,apple need build massive infrastructure accomplish doubt something would miss point believe tesla proven design car easily ‚Äô production difficult good luck hope succeed ‚Äô direction want go
twizzle101,Apple car won't be cheap though.,2020-12-21 21:38:53,14,apple car wont cheap though
everythingiscausal,"Their new Macs get best-in-class battery life. For their phones, they probably target a certain battery life and minimize the physical size from there. As long as it lasts full-day for most people, it probably meets their design goals. In other words, they could make longer battery life phones, but they don‚Äôt want to.",2020-12-21 21:45:32,14,new macs get bestinclass battery life phones probably target certain battery life minimize physical size long lasts fullday people probably meets design goals words could make longer battery life phones ‚Äô want
alepher,With no off switch,2020-12-22 03:27:03,14,switch
goldcakes,It‚Äôs not. Apple self underwrites it.,2020-12-22 01:48:04,14,‚Äô apple self underwrites
whoisdees,And manufacturing your own chips..,2020-12-21 23:12:07,14,manufacturing chips
greenfroggie1,And next year thinner and lighter tomatoes and strawberries,2020-12-22 03:48:30,14,next year thinner lighter tomatoes strawberries
kjoseph777,BuT iT DoEsNt HaVe tHiN BeZEls,2020-12-21 21:38:13,14,doesnt thin bezels
FriarNurgle,You guys are getting paid?,2020-12-21 22:54:42,14,guys getting paid
ShaderzXC,Almost all new expensive cars charge phones wirelessly.,2020-12-21 23:43:04,13,almost new expensive cars charge phones wirelessly
filmantopia,"A new report from Reuters says Apple is producing an Apple Branded car in 2024.

https://www.macrumors.com/2020/12/21/apple-car-production-rumored-2024/",2020-12-21 22:08:59,13,new report reuters says apple producing apple branded car 2024 httpswwwmacrumorscom20201221applecarproductionrumored2024
filmantopia,"I have been also following Apple since 2003. I worked at their SoHo store for four years following the release of the iPhone. I know the rumor mill well.

You should know that when an organization like Reuters, Bloomberg or WSJ come out with a report like this, it‚Äôs likely because they‚Äôve been fed by a reliable source within Apple. These rumors are frequently accurate, if perhaps off by a detail due to possible issues translating what they‚Äôve been told for their report. Apple often does this kind of leak to drum up excitement and interest for things they haven‚Äôt announced‚Äî the report of the bezel-less iPhone X two years in advance is an example.

Apple will need to spill the beans about the Car earlier than they typically do, due to the public nature of this kind of production. It‚Äôs going to be a bit different, but in the end it will just be Apple‚Äôs way of doing a car. Very exciting time.",2020-12-21 22:27:10,13,also following apple since 2003 worked soho store four years following release iphone know rumor mill well know organization like reuters bloomberg wsj come report like ‚Äô likely ‚Äô fed reliable source within apple rumors frequently accurate perhaps detail due possible issues translating ‚Äô told report apple often kind leak drum excitement interest things ‚Äô announced‚Äî report bezelless iphone x two years advance example apple need spill beans car earlier typically due public nature kind production ‚Äô going bit different end apple ‚Äô way car exciting time
toddwalnuts,"lmao you‚Äôre cappin bigtime and you know it...

even the 16 month old A13 outperforms Qualcomm unreleased latest and greatest in certain areas, and the A14 is just better period. What processor used in androids in *2015* would make an iPad w/ an A12 ‚Äúpale in comparison...? I‚Äôll wait.....",2020-12-21 21:39:15,13,lmao ‚Äô cappin bigtime know even 16 month old a13 outperforms qualcomm unreleased latest greatest certain areas a14 better period processor used androids 2015 would make ipad w a12 ‚Äú pale comparison ‚Äô wait
[deleted],Terrible decision. I bought a great used car with most bells and whistles for half that,2020-12-22 00:26:39,13,terrible decision bought great used car bells whistles half
[deleted],"Here you go:

https://www.caranddriver.com/news/g25741172/best-selling-luxury-cars-suv-2018/

I could find another source, if this is also on your list of sources that disagree with your opinion.",2020-12-21 22:23:50,13,go httpswwwcaranddrivercomnewsg25741172bestsellingluxurycarssuv2018 could find another source also list sources disagree opinion
[deleted],They got into credit card bussiness‚Ä¶ sooo idk why not.,2020-12-21 22:42:57,12,got credit card bussiness‚Ä¶ sooo idk
[deleted],[deleted],2020-12-21 22:28:04,12,deleted
doommaster,"Apple Care... after 90 days of ownership.. Oh you don't have it and your window switch is broken?

Sry, that'll be 5k for a new door.  
Buy a used replacement part and replace it yourself?  
Fine, now we will leave all your powered windows disabled and you audio system will switch to mono, for your own safety, obviously.",2020-12-21 23:50:23,12,apple care 90 days ownership oh dont window switch broken sry thatll 5k new door buy used replacement part replace fine leave powered windows disabled audio system switch mono safety obviously
hunny_bun_24,Okay guy a 20-30k car doesn‚Äôt suck. Idk what you consider to be a sucky car though.,2020-12-21 22:24:06,12,okay guy 2030k car ‚Äô suck idk consider sucky car though
Nathan2055,"Indeed. IIRC, the original 2007 iPhone had something like 100x the power of everything single computer used at every level of the Apollo 11 mission *combined*. And now, recent iPhones boast performance metrics that make the desktop computers from 2007 look like children‚Äôs toys.

It‚Äôs really a testament to how insane ARM has gotten. They‚Äôve managed to squeeze high performance, good thermals, and low power draw into a tiny package. Once desktop manufacturers finally move away from x86, the development we‚Äôre going to see with processors over the next few years is going to be insane.",2020-12-22 01:50:48,12,indeed iirc original 2007 iphone something like 100x power everything single computer used every level apollo 11 mission combined recent iphones boast performance metrics make desktop computers 2007 look like children ‚Äô toys ‚Äô really testament insane arm gotten ‚Äô managed squeeze high performance good thermals low power draw tiny package desktop manufacturers finally move away x86 development ‚Äô going see processors next years going insane
SamSparkSLD,In no way shape or form is Apple Music not successful lol,2020-12-22 11:26:32,12,way shape form apple music successful lol
Cat_Marshal,Yeah not sure how they missed that one,2020-12-22 06:45:56,12,yeah sure missed one
Tapiture-,Welcome to the United States of Apple,2020-12-22 02:45:33,11,welcome united states apple
kjoseph777,Makes it harder for thieves,2020-12-21 21:39:03,11,makes harder thieves
thedrivingcat,True. I didn't even need to change the battery message at all! Haha.,2020-12-22 03:54:47,11,true didnt even need change battery message haha
TangoZulu,"Every time Apple has entered a new business sector, these exact same ""impossible hurdles"" are brought up. Margins are too thin. Industry is too competitive. Apple is an X company, not a Y company!

Mobile phones were NOT a high-margin business before Apple. Hell, just pull up famous the Balmer video laughing at the idea of a $1,000 phone. Apple was mocked for opening their own retail stores, retail is too tricky they said. Online music didn't even exist outside of pirating, no way Apple could get the labels on board and build an infrastructure that facilitated legal downloads, nor would consumers pay a dollar for a song. 

Rinse repeat. So I guess the point is, at what does it become foolhardy to just discount Apple because of ""challenges""?",2020-12-21 23:03:24,11,every time apple entered new business sector exact impossible hurdles brought margins thin industry competitive apple x company company mobile phones highmargin business apple hell pull famous balmer video laughing idea 1000 phone apple mocked opening retail stores retail tricky said online music didnt even exist outside pirating way apple could get labels board build infrastructure facilitated legal downloads would consumers pay dollar song rinse repeat guess point become foolhardy discount apple challenges
[deleted],"If you don't love it, you will still want it.",2020-12-21 23:55:47,11,dont love still want
otterquestions,"Underwriting in insurance doesn't mean outsourcing. You still have 100s of employees, engineers, office buildings and everything for insurance companies that are underwritten by parent companies, at least in my country.",2020-12-22 00:56:59,11,underwriting insurance doesnt mean outsourcing still 100s employees engineers office buildings everything insurance companies underwritten parent companies least country
kjmass1,That's why you have insurance against the uninsured.,2020-12-22 00:43:44,11,thats insurance uninsured
rascalmendes,It will be fun watching their retail employees have to learn how to troubleshoot issues with a car.,2020-12-21 22:11:20,10,fun watching retail employees learn troubleshoot issues car
Darth_Thor,So... A Nokia 3310?,2020-12-21 22:56:18,10,nokia 3310
ojedaforpresident,"I mean, my Ericsson T28 lasted me over a week before it needed a charge, so it's not hard to imagine.",2020-12-21 22:19:13,10,mean ericsson t28 lasted week needed charge hard imagine
It_is_my_username,[Here you go.](https://www.gsmarena.com/energizer_power_max_p18k_pop-9573.php),2020-12-21 23:34:50,10,gohttpswwwgsmarenacomenergizerpowermaxp18kpop9573php
enygma9,"""And one more thing...""",2020-12-22 05:11:31,10,one thing
[deleted],"Yeah, i‚Äôm not expecting a car to suck me off. That‚Äôs the only real luxury worth paying for",2020-12-21 22:43:33,10,yeah ‚Äô expecting car suck ‚Äô real luxury worth paying
andrewjaekim,I agree. Tesla has certainly commanded the premium market space. It has a long way to go to compete with the luxury marquees.,2020-12-21 22:27:50,10,agree tesla certainly commanded premium market space long way go compete luxury marquees
thom612,"Because they sell on payments, not price.",2020-12-22 02:46:22,10,sell payments price
[deleted], man you‚Äôre really reaching to think the average American is getting sub 1% apr at 3 years...,2020-12-22 00:49:53,10,man ‚Äô really reaching think average american getting sub 1 apr 3 years
DimitriTooProBro,There‚Äôs companies that sell headphones cost well over a grand so it isn‚Äôt really an absurd concept.,2020-12-21 22:29:32,9,‚Äô companies sell headphones cost well grand ‚Äô really absurd concept
sup3r_hero,">	musk is not an idiot

After the diver incident and all the stuff he tweets about where experts scratch their heads i wouldn‚Äôt sign this statement",2020-12-22 07:40:23,9,musk idiot diver incident stuff tweets experts scratch heads ‚Äô sign statement
RoyalPatriot,"You‚Äôre assuming Tesla doesn‚Äôt figure out customer service and quality control by 2025, and that the other guys don‚Äôt have improved software experience by 2025. 

I think Apple will do great in their own market, but I don‚Äôt see them dominating by making tens of millions like Toyota.",2020-12-22 01:00:32,9,‚Äô assuming tesla ‚Äô figure customer service quality control 2025 guys ‚Äô improved software experience 2025 think apple great market ‚Äô see dominating making tens millions like toyota
avenger1005,Live free or die,2020-12-21 23:57:49,9,live free die
Socky_McPuppet,">	Nothing Apple makes is cheap, really.

This is absolutely correct. But a lot of the things they make offer surprisingly good *value*.",2020-12-22 00:26:34,9,nothing apple makes cheap really absolutely correct lot things make offer surprisingly good value
berooz,Wow. So eeeedgyyyyy,2020-12-22 00:49:35,9,wow eeeedgyyyyy
TheMacMan,"We're been hearing that ""next level"" battery tech is coming for years now and have yet to see it happen. Every time there's a breakthrough people get excited but what works in a lab hasn't generally translated into everyday life.",2020-12-21 22:39:27,8,hearing next level battery tech coming years yet see happen every time theres breakthrough people get excited works lab hasnt generally translated everyday life
K1ng-Harambe,"offbeat lunchroom seed tie subsequent ten sleep offer sulky arrest

 *This post was mass deleted and anonymized with [Redact](https://redact.dev)*",2020-12-22 00:01:31,8,offbeat lunchroom seed tie subsequent ten sleep offer sulky arrest post mass deleted anonymized redacthttpsredactdev
MCA2142,"Like titanium credit cards, and wallets.",2020-12-22 03:01:16,8,like titanium credit cards wallets
ResidualSound,">Apple expects people to buy $550 headphones.

This user is not an audiophile.",2020-12-21 22:40:08,8,apple expects people buy 550 headphones user audiophile
GLOBALSHUTTER,Dyson didn‚Äôt have the money so couldn‚Äôt take the risk after discovering how expensive it was. Apple doesn‚Äôt have that problem.,2020-12-21 22:46:06,8,dyson ‚Äô money ‚Äô take risk discovering expensive apple ‚Äô problem
doommaster,"If they come more luxury than a Tesla, they might pull that one off.  
Srsly though, WHAT aside from price and assistant features is luxury in a Model S?",2020-12-21 23:53:14,8,come luxury tesla might pull one srsly though aside price assistant features luxury model
BMonad,"Would make much more sense that they at the very least start off as a major partner with a big player. Something luxury like BMW, Mercedes or Lexus. A brand willing and able to shell out some big $ for an exclusive collaboration that will generate a ton of buzz and interest (i.e. the Apple Car by Lexus; take that, Tesla). That way Apple doesn‚Äôt have to break into a bunch of mechanical component supply chains that are foreign to them, among other things. Then after they develop some domain expertise, they could start their own thing.",2020-12-22 01:14:51,8,would make much sense least start major partner big player something luxury like bmw mercedes lexus brand willing able shell big exclusive collaboration generate ton buzz interest ie apple car lexus take tesla way apple ‚Äô break bunch mechanical component supply chains foreign among things develop domain expertise could start thing
[deleted],But not really. That‚Äôs backed by Goldman‚Äôs,2020-12-22 00:29:26,8,really ‚Äô backed goldman ‚Äô
[deleted],Light pods pro max,2020-12-22 05:33:17,8,light pods pro max
[deleted],[deleted],2020-12-21 21:54:29,8,deleted
[deleted],"The risk of damaging the vehicle based on mainly 4 factors...

1. Driver History
2. Location of Driver Registration
3. Value of vehicle
4. Level of the license

Pretty straight forward and a self explanatory as to why these are the factors.  


EDIT: I think this is true for pretty much any city in North America (where I have driven)...",2020-12-21 23:39:24,8,risk damaging vehicle based mainly 4 factors 1 driver history 2 location driver registration 3 value vehicle 4 level license pretty straight forward self explanatory factors edit think true pretty much city north america driven
Hank_Scorpio74,Or you die.,2020-12-22 01:49:25,8,die
otterquestions,"And the science is better the more data it has access to. Apple and Tesla can collect super accurate info on probably of accident due to the software in the cars, which means a better price for consumers or better margins for the insurance company. Cutting out the middle man also adds to value, you aren't paying for the insurance companies office block, ceos salary or advertising budget",2020-12-22 00:47:56,8,science better data access apple tesla collect super accurate info probably accident due software cars means better price consumers better margins insurance company cutting middle man also adds value arent paying insurance companies office block ceos salary advertising budget
GODZiGGA,"[""...the estimated average transaction price for a light vehicle in the United States was $37,876 in February 2020. New-vehicle prices increased $975 (up 2.6%) from February 2019, while falling $126 (down 0.3%) from last month.""](https://www.prnewswire.com/news-releases/average-new-vehicle-prices-up-nearly-3-year-over-year-in-february-2020-according-to-kelley-blue-book-301015050.html)

TL; DR: Pickup trucks are $50k+ luxury vehicles that Americans love.",2020-12-22 01:43:27,8,estimated average transaction price light vehicle united states 37876 february 2020 newvehicle prices increased 975 26 february 2019 falling 126 03 last monthhttpswwwprnewswirecomnewsreleasesaveragenewvehiclepricesupnearly3yearoveryearinfebruary2020accordingtokelleybluebook301015050html tl dr pickup trucks 50k luxury vehicles americans love
filmantopia,"I‚Äôm not telling you I worked retail to tout my insider status. I‚Äôm using it to demonstrate my level of long term interest in the company.

Apple‚Äôs major product flagship hardware lines have always been aggressive bets. And every time they are successful. iPod, iPhone, iPad, Apple Watch. Next in the 2020‚Äôs: AR, then car. This is the future of the company. Car is going to be a tech business, and I can see Apple leading the way in this area.

You think Apple labeled this product ‚ÄúTitan‚Äù because it‚Äôs a minor undertaking for them?",2020-12-21 22:43:10,8,‚Äô telling worked retail tout insider status ‚Äô using demonstrate level long term interest company apple ‚Äô major product flagship hardware lines always aggressive bets every time successful ipod iphone ipad apple watch next 2020 ‚Äô ar car future company car going tech business see apple leading way area think apple labeled product ‚Äú titan ‚Äù ‚Äô minor undertaking
gadgetluva,"Look man, I was just clarifying the difference based on what‚Äôs on the website. Not trying to dictate the morality of the company",2020-12-22 01:11:17,8,look man clarifying difference based ‚Äô website trying dictate morality company
Yakapo88,This is very interesting. My only concern is the quality of the service department.  Every luxury car dealer I‚Äôve done service at gives you a level of service beyond the Genius Bar.,2020-12-21 22:16:24,7,interesting concern quality service department every luxury car dealer ‚Äô done service gives level service beyond genius bar
Xillllix,"By 2024 Tesla will most probably be established as the Full Self Driving leader and they won't rely on LIDAR. They'll also dominate the EV by selling at least 5 million cars a year sold and will have a 25k FSD EV.

The ones that will capitulate if Apple tries to compete in the EV space are GM, Toyota and Ford. These companies are drowning in debt unable to turn their fat polluting ship.

That said, no matter how much money Apple has, Tesla has been gathering the data billions of miles driven by its fleet for years. They can try to commercialize a third party system, but they can't beat Elon Musk at his own game.

If Apple gets in this arena and fail to keep up with Tesla, then Tesla instantly becomes the biggest and most respected company in the world.

Will sure be interesting to see what happens.",2020-12-21 22:49:15,7,2024 tesla probably established full self driving leader wont rely lidar theyll also dominate ev selling least 5 million cars year sold 25k fsd ev ones capitulate apple tries compete ev space gm toyota ford companies drowning debt unable turn fat polluting ship said matter much money apple tesla gathering data billions miles driven fleet years try commercialize third party system cant beat elon musk game apple gets arena fail keep tesla tesla instantly becomes biggest respected company world sure interesting see happens
daveinpublic,Fiat Chrysler is also with Waymo.,2020-12-21 23:55:18,7,fiat chrysler also waymo
the_old_coday182,"If you‚Äôve ever had a car with a factory warranty, they basically do that already.",2020-12-22 02:21:07,7,‚Äô ever car factory warranty basically already
papajace,"And then slowly integrate vertically, squeezing out suppliers where they can. It‚Äôs the Apple way :)",2020-12-22 05:55:12,7,slowly integrate vertically squeezing suppliers ‚Äô apple way
Bklyn78,I think New Hampshire car insurance is not required.,2020-12-21 23:40:57,7,think new hampshire car insurance required
Chicken-n-Waffles,"> they‚Äôll release something fairly high end at first,

All successful companies release something high end first.  Companies that cater to the lower tier never last or get gobbled up by a company that can add that to their bottom line.",2020-12-21 23:17:14,7,‚Äô release something fairly high end first successful companies release something high end first companies cater lower tier never last get gobbled company add bottom line
Chicken-n-Waffles,I think it's just a brand perk.  There's hardly any benefit if any.,2020-12-22 06:35:32,7,think brand perk theres hardly benefit
CarbonTail,"""Because you can use older power bricks from your ICE cars""",2020-12-22 06:12:45,7,use older power bricks ice cars
GreetyPeety,"The only one being naive is you. 
Nobody knows how this is gonna pan out. 
One things for sure, apple isn‚Äôt just gonna show up at Panasonic in 5 years; ‚Äúhey, got batteries?‚Äù

Your way of thinking is why Nokia lost... your way of thinking is why many old-school car manufacturers are gonna loose... 
technical debt is a major part of this. 
Cars are insanely complex and involves a lot of parts, but mostly ICE cars; EVs cars are a lot less complex and this is where the opportunity is.",2020-12-22 03:59:43,7,one naive nobody knows gon na pan one things sure apple ‚Äô gon na show panasonic 5 years ‚Äú hey got batteries ‚Äù way thinking nokia lost way thinking many oldschool car manufacturers gon na loose technical debt major part cars insanely complex involves lot parts mostly ice cars evs cars lot less complex opportunity
limonb,if only we knew why,2020-12-22 01:44:50,7,knew
ShaderzXC,"Yeah, no. A used ¬£15k Honda is a low end car, a brand new ¬£25k Honda still isn‚Äôt luxury. Luxury is ¬£40k+",2020-12-21 23:35:48,7,yeah used ¬£15k honda low end car brand new ¬£25k honda still ‚Äô luxury luxury ¬£40k
stonks_justgoup,"Hate to burst the bubble but working retail =/= corporate. 

These reports are not 'frequently' accurate as you'd think. As someone who is very familiar with how the sausage is made, you'd be surprised at how much strategic leaking there is going around. After all, this is a competitive business.

Apple has never been a company about taking overly aggressive bets. The entire industry is racing to become the next gen leader in artificial intelligence via deep learning, computer vision --- and using chip advantages and R&D spend to build their kingdoms on top (this is why the battle between SMIC and TSMC has become an issue of national security). 

Apple's strength is in hardware/software, securing long-term contractual agreements with their suppliers and locking out their competitors (see 5nm process with TSMC, unibody manufacturing process, haptic motor design) and the product will materialize based off of this foundation.",2020-12-21 22:36:43,7,hate burst bubble working retail corporate reports frequently accurate youd think someone familiar sausage made youd surprised much strategic leaking going around competitive business apple never company taking overly aggressive bets entire industry racing become next gen leader artificial intelligence via deep learning computer vision using chip advantages rd spend build kingdoms top battle smic tsmc become issue national security apples strength hardwaresoftware securing longterm contractual agreements suppliers locking competitors see 5nm process tsmc unibody manufacturing process haptic motor design product materialize based foundation
GoSh4rks,A 2015 TLX is not in the luxury segment. It was a $30k car.,2020-12-21 23:23:47,7,2015 tlx luxury segment 30k car
I_have_shoes,"Big difference between regular lane keep assist (ping ponging between lines), and lane-centering which Autopilot does.

I rented a model 3 to do a four-hour drive to the beach. The car drove itself 95% of the time. It was similar to the first time I used an iPhone - simply incredible.",2020-12-22 03:48:14,7,big difference regular lane keep assist ping ponging lines lanecentering autopilot rented model 3 fourhour drive beach car drove 95 time similar first time used iphone simply incredible
AngryFace4,If they‚Äôre only insuring their own car they may not be able to reach the scale required to make insurance profitable.,2020-12-21 23:06:13,6,‚Äô insuring car may able reach scale required make insurance profitable
JanMichaelVincent16,Can‚Äôt wait to upgrade my car every two years.,2020-12-22 01:22:28,6,‚Äô wait upgrade car every two years
pn_dubya,Tesla already does this (and it rules).,2020-12-21 22:40:43,6,tesla already rules
[deleted],">  and shouldn‚Äôt be in the hands of a single company

On the other hand what's their incentive to spend their billions developing it if not to market it themselves?",2020-12-21 23:45:37,6,‚Äô hands single company hand whats incentive spend billions developing market
iSprainedMyUvula,"Yeah, the add-ons for this thing are just going to be INSULTING.",2020-12-21 23:24:06,6,yeah addons thing going insulting
Jt0323,They won‚Äôt have windows,2020-12-22 08:01:56,6,‚Äô windows
[deleted],[deleted],2020-12-21 23:24:41,6,deleted
marahsnai,"All I‚Äôve wanted for years is an actual TV. Basically a 65‚Äù screen with an Apple TV inside of it, but shit I would buy the hell out of that. 

Would love them to venture into household consumer electronic goods, give me an apple fridge, and apple oven gloves I‚Äôll take it all haha.",2020-12-22 04:04:42,6,‚Äô wanted years actual tv basically 65 ‚Äù screen apple tv inside shit would buy hell would love venture household consumer electronic goods give apple fridge apple oven gloves ‚Äô take haha
lownotelee,"They‚Äôre not marking Corollas, it doesn‚Äôt have to be cheap",2020-12-21 22:21:52,6,‚Äô marking corollas ‚Äô cheap
Bourbone,">	fucking country

Hahaha. World maybe? They have a lot more money than MANY countries.",2020-12-22 03:55:54,6,fucking country hahaha world maybe lot money many countries
North_Activist,This is something I could see them totally doing. I mean Tesla already has their own car charger,2020-12-22 06:05:48,6,something could see totally mean tesla already car charger
HenaeZ,well I mean you don‚Äôt switch off a tesla either so...,2020-12-22 07:26:36,6,well mean ‚Äô switch tesla either
Psychological_Grabz,"We‚Äôre selling millions and millions of phones and Apple is selling 0 phones.

- a very famous CEO circa 2007",2020-12-22 02:16:19,6,‚Äô selling millions millions phones apple selling 0 phones famous ceo circa 2007
filmantopia,"Just want to reply to you to say.... EXACTLY. It's a never ending cycle.

Once the rumors are more solidified, or the announcement comes, then comes the next wave: 

""Okay, so Apple's doing X, but no one is going to buy it.""

Followed, of course, by:

""All the people buying X are sheep.""

Then eventually they buy X and complain about it lacking some outdated port or feature... followed by finally referring to X to demonstrate how Apple was once great and now lost its way.",2020-12-21 23:37:26,6,want reply say exactly never ending cycle rumors solidified announcement comes comes next wave okay apples x one going buy followed course people buying x sheep eventually buy x complain lacking outdated port feature followed finally referring x demonstrate apple great lost way
[deleted],iPhone 12 Pro Max is 226g naked.,2020-12-22 06:43:48,6,iphone 12 pro max 226g naked
JoeBloeinPDX,"If you think about it, they could then replace the screen with some ports and a different case, and should be able to sell a Mini for about the same price.  If they wanted to...",2020-12-21 22:47:19,6,think could replace screen ports different case able sell mini price wanted
JustinGitelmanMusic,In what world? Apple silicon is ahead of any used by android in a given year. That means you‚Äôd need a processor more than 5 years old for a 2015 Android phone to have even a fighting chance. So.. A8 or A9. They‚Äôre not using those for the iPad. Plus the A12 Bionic is even better than the A12 used in phones.,2020-12-21 21:41:46,6,world apple silicon ahead used android given year means ‚Äô need processor 5 years old 2015 android phone even fighting chance a8 a9 ‚Äô using ipad plus a12 bionic even better a12 used phones
[deleted],"I‚Äôm glad you‚Äôre making enough money where $1,000 is ‚Äúcheap‚Äù.

It‚Äôs not to many people, especially this year when millions have lost their jobs.",2020-12-22 03:48:41,6,‚Äô glad ‚Äô making enough money 1000 ‚Äú cheap ‚Äù ‚Äô many people especially year millions lost jobs
ShaderzXC,A <10k Honda is effectively a beater car. In no world is a used ¬£15k Honda remotely close to luxury.,2020-12-21 23:41:21,6,10k honda effectively beater car world used ¬£15k honda remotely close luxury
old_sellsword,Doesn‚Äôt make it a luxury car though,2020-12-21 23:53:57,6,‚Äô make luxury car though
[deleted],[deleted],2020-12-21 23:56:01,5,deleted
Antrikshy,"Tesla does it, so it wouldn't be unheard of.",2020-12-21 22:44:17,5,tesla wouldnt unheard
surfinThruLyfe,What‚Äôs Tesla doing at the moment? Good luck getting your car back from repairs if you give it to Tesla.,2020-12-22 00:49:33,5,‚Äô tesla moment good luck getting car back repairs give tesla
Kupfakura,Wow that's a bold assumption. I see them failing. Maybe they create a transport system around the campus,2020-12-21 21:21:54,5,wow thats bold assumption see failing maybe create transport system around campus
[deleted],Almost every car brand has wireless charging built into new cars already. I just bought a new car and test drove a dozen models over like 8 different makes and they all had wireless charging in the car.,2020-12-21 23:46:47,5,almost every car brand wireless charging built new cars already bought new car test drove dozen models like 8 different makes wireless charging car
MLGSwaglord1738,Put quotes around luxury lmao.,2020-12-21 22:19:58,5,put quotes around luxury lmao
JanMichaelVincent16,"Isn‚Äôt $4000 is cheap for EV batteries? Last I checked, Tesla batteries were worth half the Tesla itself.",2020-12-22 01:32:07,5,‚Äô 4000 cheap ev batteries last checked tesla batteries worth half tesla
filmantopia,It won‚Äôt work because some people hate Apple? Um.,2020-12-21 23:52:45,5,‚Äô work people hate apple um
koolman2,In that case they have to provide free oil per the Magnuson-Moss Warranty Act. :),2020-12-22 05:28:30,5,case provide free oil per magnusonmoss warranty act
Jeffy29,"Lmao, they‚Äôll literally reinvent the wheel üòÇ",2020-12-22 00:50:06,5,lmao ‚Äô literally reinvent wheel üòÇ
Lingo56,"Given this is how Apple handles the supply chain for literally all of their products it seems very likely.

All of their cheaper products are almost exactly the same as their more expensive ones from 1-3 years ago, just that they‚Äôve been manufacturing them longer.

You also don‚Äôt want to target a mass market on a new experimental product line. Typically it pays off to limit the market initially by catering only to people in a high-budget bracket.",2020-12-22 02:17:24,5,given apple handles supply chain literally products seems likely cheaper products almost exactly expensive ones 13 years ago ‚Äô manufacturing longer also ‚Äô want target mass market new experimental product line typically pays limit market initially catering people highbudget bracket
[deleted],[deleted],2020-12-21 22:27:34,5,deleted
[deleted],[deleted],2020-12-21 23:58:07,5,deleted
ojedaforpresident,"They make money on that. I'd be surprised if the classic iPad isn't one of the bigger money makers. Not the most base model, but the ones with extra storage. A 50$-100$ markup for adding in a chip that ups the component price by 10-15$, cha-ching. 

The design for these, they have down to a science, so they're relatively cheap to engineer, and the sales numbers scale exceptionally because they're so affordable.",2020-12-21 22:16:36,5,make money id surprised classic ipad isnt one bigger money makers base model ones extra storage 50100 markup adding chip ups component price 1015 chaching design science theyre relatively cheap engineer sales numbers scale exceptionally theyre affordable
jas417,"What he means is a lease more or less, and that model has been wildly successful. The shared car thing doesn‚Äôt work because people want their own car.",2020-12-22 01:03:10,5,means lease less model wildly successful shared car thing ‚Äô work people want car
stonks_justgoup,"Apple would own both hardware and software still. The automobile manufacturer would just provide the panels, glass, chassis, drivetrain, etc. Apple doesn't need any of that data -- what's valuable is to know where people are going and how to map the environment surrounding, etc, and use this information to strengthen the ecosystem.",2020-12-21 22:41:10,5,apple would hardware software still automobile manufacturer would provide panels glass chassis drivetrain etc apple doesnt need data whats valuable know people going map environment surrounding etc use information strengthen ecosystem
catlong8,"I think the problem apple would have here is that most people can afford to spend $500-$2000 on a luxury item every so often, even if it is expensive for what it is. Not many people can afford to spend $60,000 on a car.",2020-12-21 23:07:00,5,think problem apple would people afford spend 5002000 luxury item every often even expensive many people afford spend 60000 car
[deleted],[deleted],2020-12-22 01:03:36,5,deleted
[deleted],[removed],2020-12-22 02:43:28,5,removed
[deleted],"Yes. That‚Äôs a lot of money.

There are tons of Windows laptops in the $400-600 range.",2020-12-22 03:37:48,5,yes ‚Äô lot money tons windows laptops 400600 range
Logseman,Your age was inferred from your nickname.,2020-12-22 01:35:13,5,age inferred nickname
Science4every1,Bro it‚Äôs a fucking phone,2020-12-21 23:50:08,5,bro ‚Äô fucking phone
WhiteyMcBrown,"Apple has a huge shot here. This is a big business opportunity(potentially hundreds of billions) and I don‚Äôt think Apple will half-step. I appreciate everything Musk had done for electric cars (and online payments and space exploration), but I deeply despise his personal brand. I find him, as a personality, super lame. I know many do not but if Apple‚Äôs able to even match Tesla, some will go with the Apple car. I already picked my BMW over a Tesla for this reason. I don‚Äôt want to be part of Team Musk. 

Either way. More competition is good.",2020-12-22 00:28:11,4,apple huge shot big business opportunitypotentially hundreds billions ‚Äô think apple halfstep appreciate everything musk done electric cars online payments space exploration deeply despise personal brand find personality super lame know many apple ‚Äô able even match tesla go apple car already picked bmw tesla reason ‚Äô want part team musk either way competition good
[deleted],"Introducing iCar. Starting at $1.5 Million you can easily add on the wheels for $35,000.",2020-12-21 22:19:15,4,introducing icar starting 15 million easily add wheels 35000
Wacktool,Kid Jailbreaks iCar and drives off a bridge,2020-12-21 21:32:29,4,kid jailbreaks icar drives bridge
Matador91,They would never put out anything that efficient. They still need to sell a new phone every year.,2020-12-22 03:06:54,4,would never put anything efficient still need sell new phone every year
ChirpToast,"Tesla also has cash and can draw in top talent. Unless Apple can find a way to sell an EV under 30K...  


By the time they possibly could, Tesla will most likely be under that mark.",2020-12-21 23:27:46,4,tesla also cash draw top talent unless apple find way sell ev 30k time possibly could tesla likely mark
GLOBALSHUTTER,$99K wireless charger on expensive wheels. Sounds like Apple.,2020-12-21 22:50:13,4,99k wireless charger expensive wheels sounds like apple
smartazz104,As opposed to other carmakers that charge exorbitant fees for things like upgrading their proprietary GPS software.,2020-12-21 22:18:17,4,opposed carmakers charge exorbitant fees things like upgrading proprietary gps software
bcm17,Im fully expecting it to be a partnership with either BMW or Volkswagen. They‚Äôve worked with both in the past and they feel like they align most with apples overall design choices,2020-12-22 01:18:06,4,im fully expecting partnership either bmw volkswagen ‚Äô worked past feel like align apples overall design choices
I_LOVE_MOM,"I know guys who work at Tesla and Apple. Let's just say the Tesla guys work a lot harder and get more done due to the company culture set by Elon. Apple might have a hard time beating that no matter how much money they throw at it. Things may have been different in the Jobs era. 

Also don't forget Tesla has a 15-year head start when it comes to EVs",2020-12-22 07:09:02,4,know guys work tesla apple lets say tesla guys work lot harder get done due company culture set elon apple might hard time beating matter much money throw things may different jobs era also dont forget tesla 15year head start comes evs
wetsip,They can‚Äôt afford Tesla anymore (>$600B Market Cap) that opportunity is long gone.,2020-12-21 23:19:29,4,‚Äô afford tesla anymore 600b market cap opportunity long gone
[deleted],[deleted],2020-12-21 22:39:09,4,deleted
Yakapo88,Do they make money on the $300 iPads?  Or is it just something they are willing to break even on and then sell software?,2020-12-21 22:09:46,4,make money 300 ipads something willing break even sell software
wetsip,"I don‚Äôt disagree with the vision but the execution timeline here makes this really untenable especially if any volume manufacturing for Apple is 36-48 months out and especially if they plan to rely on sourcing vehicle batteries from a 3rd party (who???) 

The idea that Apple can scale a ‚Äúfleet‚Äù for learning sounds great, this has been Tesla‚Äôs approach, but while Tesla is expecting to produce millions of cars per year by 2024, Apple will just be starting. It takes years to scale automobile manufacturing and if they want to produce electric vehicles that same reality is true for batteries. Even if you have billions and billions, building these facilities is on the order of years.

To add conservative estimates project half of all vehicles by 2030 will be BEV. Apple will have a hell of time trying to compete for material sourcing against Tesla, Daimler, Toyota, Volkswagen, Ford, GM....",2020-12-21 23:12:55,4,‚Äô disagree vision execution timeline makes really untenable especially volume manufacturing apple 3648 months especially plan rely sourcing vehicle batteries 3rd party idea apple scale ‚Äú fleet ‚Äù learning sounds great tesla ‚Äô approach tesla expecting produce millions cars per year 2024 apple starting takes years scale automobile manufacturing want produce electric vehicles reality true batteries even billions billions building facilities order years add conservative estimates project half vehicles 2030 bev apple hell time trying compete material sourcing tesla daimler toyota volkswagen ford gm
[deleted],[deleted],2020-12-21 22:35:56,4,deleted
pixel_of_moral_decay,"I think a lot of people would pay for a vehicle ""powered by Apple"" or ""powered by Tesla"".

But figuring out how to stamp out a pickup truck that can handle 15 years of pickup life is not easy.  It's really not.  Tesla can't even get body panels perfectly lined up.  The last vehicle that I believe had that issue was the Yugo.

That's how far back and how budget you have to go to find someone who's had the same problems Tesla has.  A Yugoslavian car manufacturer from 30+ years ago.

Meanwhile, on the Technology side Tesla is years ahead of anyone.

Now imagine if they partnered with BMW to offer a Tesla powered version of 3 series or X3.  Tesla drive train and smarts.  BMW body/interior wrapped around it.  They wouldn't be able to meet demand for the orders. No question about it.

Next partner with Honda and do the same with the Accord/Civic/Pilot lines.  Same deal.  Honda body/interior with Tesla drivetrain/smarts.  Or Toyota.  Both companies well known for vehicles that last forever and have rock solid bodies on a budget.

If Apple's playing it smart, they'll go this route and snap up the better partners into exclusive deals.",2020-12-21 23:02:55,4,think lot people would pay vehicle powered apple powered tesla figuring stamp pickup truck handle 15 years pickup life easy really tesla cant even get body panels perfectly lined last vehicle believe issue yugo thats far back budget go find someone whos problems tesla yugoslavian car manufacturer 30 years ago meanwhile technology side tesla years ahead anyone imagine partnered bmw offer tesla powered version 3 series x3 tesla drive train smarts bmw bodyinterior wrapped around wouldnt able meet demand orders question next partner honda accordcivicpilot lines deal honda bodyinterior tesla drivetrainsmarts toyota companies well known vehicles last forever rock solid bodies budget apples playing smart theyll go route snap better partners exclusive deals
JimJamJamie,üòèüôè we think you‚Äôre gonna love it,2020-12-22 03:21:47,4,üòèüôè think ‚Äô gon na love
bicameral_mind,"Definitely isn't.  The base Model 3 is a tough value proposition, because it lacks so much of what you would want from a Tesla, while still costing as much as a full spec midrange sedan like a Passat.  If your max budget is $35k there are just so many better value options out there unless you are dead set on electric.",2020-12-21 23:41:16,4,definitely isnt base model 3 tough value proposition lacks much would want tesla still costing much full spec midrange sedan like passat max budget 35k many better value options unless dead set electric
[deleted],[removed],2020-12-22 01:09:16,4,removed
