,Author,Text,Date,Upvotes_count,cleaned_text,Sentiment,Compound_Score
0,Wasaab,This is like the 1000th time (being dramatic) I hear about Apple canceling the project. üòÇ,2024-02-27 19:10:05,1708,like 1000th time dramatic hear apple canceling project üòÇ,Neutral,0.0
1,frownGuy12,I‚Äôm sure the heat pump engineers will do great work on next token predictors.¬†,2024-02-27 19:05:27,1067,‚Äô sure heat pump engineers great work next token predictors,Positive,0.4939
2,IAmA5starman,"That title makes no sense, its like saying the chefs in our hotel are being moved to the cleaning team, totally different skills.
Would expect layoffs if its true instead.",2024-02-27 19:09:11,345,title makes sense like saying chefs hotel moved cleaning team totally different skills would expect layoffs true instead,Positive,0.4404
3,stroll_on,"If Apple was serious about EVs, they would just buy Rivian.",2024-02-27 19:25:55,297,apple serious evs would buy rivian,Positive,0.8807
4,throwmeaway1784,"Bloomberg isn‚Äôt homogeneous, Mark Gurman has an excellent track record and wasn‚Äôt a part of that story",2024-02-27 19:29:00,194,bloomberg ‚Äô homogeneous mark gurman excellent track record ‚Äô part story,Neutral,0.0
5,jwort93,"As others pointed out, it‚Äôs almost definitely referring to the software folks working on self-driving capabilities, which was most likely built on a neural-net similar to how Tesla is currently building their self driving software. In that case, there would be significant overlap between the team‚Äôs skillsets.",2024-02-27 19:14:15,188,others pointed ‚Äô almost definitely referring software folks working selfdriving capabilities likely built neuralnet similar tesla currently building self driving software case would significant overlap team ‚Äô skillsets,Negative,-0.2247
6,Opacy,"It‚Äôs probably the right move - even with Apple‚Äôs deep pockets, building a brand new EV from scratch is hard. Scaling up manufacturing for mass production of that EV is hard. Creating a national or international sales and service network is hard and ridiculously expensive. Even if the car project is dead, I would still love to see Apple take another stab at EVs - maybe instead of going it alone, they would partner with an established manufacturer who would build an ‚ÄúApple-designed‚Äù EV that is a showcase for Apple software - full next gen CarPlay, CarKey support, deep integration with Apple Watch and iPhone etc.

Depending on how serious Apple is about it, they could also do stuff like work with the manufacturer‚Äôs dealer network to choose specific dealerships across the country as partners to sell the Apple EV (at a set price Tesla-style with no haggling) and provide service and repairs. Ford is already doing something similar with their dealership network when it comes to selling their EVs (though they are having some difficulty)

All of this would be difficult, but I have to think it would be significantly cheaper and easier than building all of that from scratch.",2024-02-27 19:32:55,142,‚Äô probably right move even apple ‚Äô deep pockets building brand new ev scratch hard scaling manufacturing mass production ev hard creating national international sales service network hard ridiculously expensive even car project dead would still love see apple take another stab evs maybe instead going alone would partner established manufacturer would build ‚Äú appledesigned ‚Äù ev showcase apple software full next gen carplay carkey support deep integration apple watch iphone etc depending serious apple could also stuff like work manufacturer ‚Äô dealer network choose specific dealerships across country partners sell apple ev set price teslastyle haggling provide service repairs ford already something similar dealership network comes selling evs though difficulty would difficult think would significantly cheaper easier building scratch,Neutral,0.0
7,AcademicF,This is about the 1000th time I hear about a company focusing on generative AI. And who says that the tech field has lost all semblance of creativity and innovation?,2024-02-27 19:40:23,137,1000th time hear company focusing generative ai says tech field lost semblance creativity innovation,Neutral,0.0
8,Spatulakoenig,"It will be fine, they'll just take the heat pump Digital Crown and add it to the iPhone to activate the AI.",2024-02-27 19:35:25,130,fine theyll take heat pump digital crown add iphone activate ai,Negative,-0.4215
9,davidjschloss,"Also a lot of the car project was the self driving aspect, which was AI/machine learning heavy. 

This is a way to get qualified AI staff into a more pressing use of that technology.",2024-02-27 21:16:18,85,also lot car project self driving aspect aimachine learning heavy way get qualified ai staff pressing use technology,Positive,0.4939
10,PickledBackseat,"Sad that ""Apple reveals self-driving car with Windows"" will never be a real headline.",2024-02-27 19:30:34,81,sad apple reveals selfdriving car windows never real headline,Positive,0.7003
11,MC_chrome,"On the one hand, I‚Äôm glad Apple is pulling the plug on a project they were not well suited for.¬†

On the other, I hope the employees affected by this change will be able to find other jobs in the EV industry and continue doing something they like",2024-02-27 19:06:34,80,one hand ‚Äô glad apple pulling plug project well suited hope employees affected change able find jobs ev industry continue something like,Neutral,0.0
12,jknlsn,"I‚Äôd not thought of this, but damn I‚Äôd love to see that car that comes out. I love the look of Rivians, hope they can thrive and release more models in a few years, right now way out of my price range!",2024-02-27 19:55:06,74,‚Äô thought damn ‚Äô love see car comes love look rivians hope thrive release models years right way price range,Positive,0.3182
13,ccooffee,">Apple already attempted to buy Tesla

It was the other way around. Elon wanted Apple to buy Tesla but Tim Cook never even talked to Elon.

[https://twitter.com/elonmusk/status/1341485211209637889](https://twitter.com/elonmusk/status/1341485211209637889)",2024-02-27 21:28:55,74,apple already attempted buy tesla way around elon wanted apple buy tesla tim cook never even talked elon httpstwittercomelonmuskstatus1341485211209637889httpstwittercomelonmuskstatus1341485211209637889,Neutral,0.0
14,raxreddit,"Also Bloomberg has no credibility 

https://daringfireball.net/2018/10/bloomberg_the_big_hack",2024-02-27 19:15:06,65,also bloomberg credibility httpsdaringfireballnet201810bloombergthebighack,Positive,0.4939
15,Slaaneshdog,"Fairly sure that in the past it was just updates saying the project was pushed back another year or two, basically always having the ""expected"" launch date be 5 years in the future",2024-02-27 19:37:25,58,fairly sure past updates saying project pushed back another year two basically always expected launch date 5 years future,Positive,0.8518
16,filmantopia,"I strongly doubt they stopped the project because it was hard. Apple leans into hard.   Rather, their vision for a groundbreaking and game-changing EV turned out to be physically impossible due to reasons related to their ambitious ideas butting up against dynamics of the auto industry supply chain or the current state of autonomous driving technology.",2024-02-27 20:35:17,58,strongly doubt stopped project hard apple leans hard rather vision groundbreaking gamechanging ev turned physically impossible due reasons related ambitious ideas butting dynamics auto industry supply chain current state autonomous driving technology,Neutral,0.0
17,Buy-theticket,Shifting a team (at a company the size of Apple's) from what looks like a dead-end project to focus on the paradigm shift that is generative AI (where Apple is currently being left in the dust) has no bearing on the creativity or innovation of the overall company. What a shit take.,2024-02-27 21:08:46,58,shifting team company size apples looks like deadend project focus paradigm shift generative ai apple currently left dust bearing creativity innovation overall company shit take,Neutral,0.0
18,[deleted],[deleted],2024-02-27 19:05:25,53,deleted,Positive,0.5165
19,[deleted],[deleted],2024-02-27 19:18:58,50,deleted,Positive,0.3716
20,YouAWaavyDude,"Lucid would be cooler in my opinion, plus a smaller company.",2024-02-27 20:18:09,48,lucid would cooler opinion plus smaller company,Positive,0.296
21,SSMEX,"This project ultimately didn't make any sense for Apple. Despite bits of excitement here and there, electric vehicles (and cars in general) are low-margin, commodified products with no real integration into Apple's ecosystem. People do care about styling, performance, and tech, but it's not clear that Apple could do a much better job than Tesla/Rivian/Lucid. Autonomy was another angle that Apple could've approached this project, but the most autonomous full-stack vehicles are fleet vehicles like Cruise or Waymo.

The Lucid Air, for example, is an incredible car with beautiful interiors and software, but ultimately it's a niche luxury sedan. Compared to Apple's $383 billion in revenue, it's just a distraction.",2024-02-27 19:16:55,44,project ultimately didnt make sense apple despite bits excitement electric vehicles cars general lowmargin commodified products real integration apples ecosystem people care styling performance tech clear apple could much better job teslarivianlucid autonomy another angle apple couldve approached project autonomous fullstack vehicles fleet vehicles like cruise waymo lucid air example incredible car beautiful interiors software ultimately niche luxury sedan compared apples 383 billion revenue distraction,Neutral,0.0
22,Sampladelic,"The article is about two specific writers neither of which are Mark Gurman, someone who has a proven track record of verifiable information within Apple",2024-02-27 19:31:31,43,article two specific writers neither mark gurman someone proven track record verifiable information within apple,Positive,0.4215
23,selwayfalls,Yeah been saying this for a couple years. Buy a company like Rivian and then embed the Apple magic and marketing to it. Same thing could be done with something like Peleton for fitness.,2024-02-27 19:47:15,41,yeah saying couple years buy company like rivian embed apple magic marketing thing could done something like peleton fitness,Neutral,0.0
24,_impish,i imagine many of the people in the team who were moved to genAI were responsible for the self-driving aspect of the car,2024-02-27 19:08:35,41,imagine many people team moved genai responsible selfdriving aspect car,Neutral,0.0
25,Portatort,Except they generally do,2024-02-27 19:16:05,31,except generally,Positive,0.9653
26,cylindrical_,How is that not screamingly obvious to people? The amount of comments saying that there's no overlap is genuinely troubling.,2024-02-27 23:22:42,31,screamingly obvious people amount comments saying theres overlap genuinely troubling,Neutral,0.0
27,Portatort,Probably means the team that were working on the self driving side of things,2024-02-27 19:16:56,30,probably means team working self driving side things,Neutral,0.0
28,waterboy100,1 bad report from 6 years ago means they have no credibility?,2024-02-27 19:53:07,30,1 bad report 6 years ago means credibility,Positive,0.2023
29,Nihiliste,"Some people seem to have this mentality about journalism, especially when it comes to tech rumors. A report gets something wrong, but they take that as meaning that the journalist is simply making stuff up - not that, say, a company changed its mind, or that a normally reliable source goofed.",2024-02-27 20:23:08,30,people seem mentality journalism especially comes tech rumors report gets something wrong take meaning journalist simply making stuff say company changed mind normally reliable source goofed,Positive,0.8807
30,caliform,">Apple, meanwhile, is trying to figure out what other business they can copy quickly

tell me you don't understand Apple's operations in one comment",2024-02-27 21:27:01,29,apple meanwhile trying figure business copy quickly tell dont understand apples operations one comment,Negative,-0.7184
31,Terrible_Tutor,"AI huh‚Ä¶ never heard of it, hope it works out for them",2024-02-27 19:10:21,26,ai huh‚Ä¶ never heard hope works,Negative,-0.0772
32,BlueKnight44,"Anyone that knows anything about the automotive industry knows this was NEVER going to happen.

1. Automotive is a high capital, low profit margin industry. Completely the opposite of the consumer electronics industry Apple is used to.
2. Building cars is very hard and requires knowledge of dozens of engineering verticals Apple has no experience in. Also there are thousands of regulations across dozens of regions of the earth that Apple has never had to deal with. 

It is impossible for Apple to make a good/profitable vehicle the first time and the investment would be many billions even is Apple worked with an established manufacturer. Apple likes swimming in Scrooge McDuck levels of wealth too much for selling a car to be acceptable to their share holders.",2024-02-28 04:00:08,26,anyone knows anything automotive industry knows never going happen 1 automotive high capital low profit margin industry completely opposite consumer electronics industry apple used 2 building cars hard requires knowledge dozens engineering verticals apple experience also thousands regulations across dozens regions earth apple never deal impossible apple make goodprofitable vehicle first time investment would many billions even apple worked established manufacturer apple likes swimming scrooge mcduck levels wealth much selling car acceptable share holders,Neutral,0.0
33,toad_salesman,"Gurman is a bit insufferable, grandiose, and usually obvious in his output. This is after he lost his mole sources.",2024-02-27 20:34:02,26,gurman bit insufferable grandiose usually obvious output lost mole sources,Neutral,0.0
34,MattO2000,The article also mentions there‚Äôs gonna be layoffs,2024-02-28 00:08:53,24,article also mentions ‚Äô gon na layoffs,Neutral,0.0
35,[deleted],[deleted],2024-02-27 20:21:42,24,deleted,Neutral,0.0
36,Right-Wrongdoer-8595,"Strip out any cross-platform capabilities, give it an iPhone specific feature and sync some account details and boom Apple Magic, you'll love it.",2024-02-27 21:08:20,20,strip crossplatform capabilities give iphone specific feature sync account details boom apple magic youll love,Neutral,0.0
37,Portatort,"How is it that we haven‚Äôt been surprised by an apple event in the last 5 years then?

Gurman is good at guessing?",2024-02-27 19:23:08,20,‚Äô surprised apple event last 5 years gurman good guessing,Neutral,0.0
38,gecike,Let's not pretend that AI isn't immensely useful.,2024-02-27 19:40:11,19,lets pretend ai isnt immensely useful,Neutral,0.0
39,DanTheMan827,Or just what they want to do not being legal yet,2024-02-27 23:58:01,19,want legal yet,Neutral,0.0
40,TheArstaInventor,"This exactly, let cars to those who know how to make it, I‚Äôm tired of Tesla‚Äôs smartphone on wheels approach and apple will make that miles worse.",2024-02-27 19:29:35,18,exactly let cars know make ‚Äô tired tesla ‚Äô smartphone wheels approach apple make miles worse,Neutral,0.0
41,OphioukhosUnbound,"Ah.  I didn‚Äôt make that connection initially.  Thanks.  

I was jokingly imagining a bunch of electrical and mechanical engineers being told to go work on Siri. :) 

Car Talk 2.0, ghosts in the machine version.  
[would dig it]",2024-02-28 00:49:13,18,ah ‚Äô make connection initially thanks jokingly imagining bunch electrical mechanical engineers told go work siri car talk 20 ghosts machine version would dig,Negative,-0.7506
42,septimaespada,So why bring up Bloomberg‚Äôs credibility at all? It has no relevance in this case.,2024-02-27 19:49:31,18,bring bloomberg ‚Äô credibility relevance case,Neutral,0.0
43,[deleted],"This is why I stopped giving a shit about corporate work projects.  Managers beg you to bust your ass and work 12 hour days to get a deadline in so they don't lose miillions of dollars and annoy customers and shareholders.

Then in a blink they cancel it all, practically throw away millions or billions in R&D.   And you may not even have a job after all that.

Why the fuck would I invest more than I know the company will?   (I don't)",2024-02-28 02:20:11,17,stopped giving shit corporate work projects managers beg bust ass work 12 hour days get deadline dont lose miillions dollars annoy customers shareholders blink cancel practically throw away millions billions rd may even job fuck would invest know company dont,Neutral,0.0
44,iMacmatician,">Anyone say differently?

It was implied, and you know it.",2024-02-27 20:15:52,17,anyone say differently implied know,Negative,-0.204
45,TrainingObligation,"Where ""Missing drivers"" would've been a core feature instead of an error message.",2024-02-27 21:56:35,16,missing drivers wouldve core feature instead error message,Negative,-0.4404
46,Slaaneshdog,"Amazon is already Rivians sugar daddy, so that'd never happen

Apples only real shot at entering this market was when Musk wanted to try and sell Tesla to them years ago during the initial Model 3 ramp. Though apparently Cook didn't even take a meeting with him",2024-02-27 19:49:17,16,amazon already rivians sugar daddy thatd never happen apples real shot entering market musk wanted try sell tesla years ago initial model 3 ramp though apparently cook didnt even take meeting,Neutral,-0.0258
47,42177130,I always thought it was weird that a consumer electronics company would make a car but I guess if Sony and Xiaomi could so could Apple,2024-02-27 19:20:24,15,always thought weird consumer electronics company would make car guess sony xiaomi could could apple,Positive,0.8402
48,katze_sonne,"Also putting less resources into it etc., but can‚Äôt remember it being ""cancelled"".",2024-02-27 19:47:38,15,also putting less resources etc ‚Äô remember cancelled,Neutral,0.0
49,sidious911,This time it seems to be accurate though. I know someone on the project who was impacted.,2024-02-27 20:49:19,14,time seems accurate though know someone project impacted,Positive,0.7958
50,Sampladelic,"Doubling down on the ‚Äúno real integration‚Äù, basically every product Apple makes would be unusable with an Apple car. It‚Äôs illegal to use your phone, headphones, and certainly VR headsets while driving. Nothing would properly integrate except for software which CarPlay already does. 

I‚Äôm sure they lost a ton of cash in R&D for this project but ultimately it‚Äôs probably for the best that they cut their losses now",2024-02-27 19:34:26,14,doubling ‚Äú real integration ‚Äù basically every product apple makes would unusable apple car ‚Äô illegal use phone headphones certainly vr headsets driving nothing would properly integrate except software carplay already ‚Äô sure lost ton cash rd project ultimately ‚Äô probably best cut losses,Positive,0.8591
51,YouAboutToLoseYoJob,"I worked on Titan for five years, the project was very very real, and made incredible, leaps, and bounds for every milestone it completed",2024-02-27 19:28:34,14,worked titan five years project real made incredible leaps bounds every milestone completed,Neutral,0.0
52,boldjarl,"Bloomberg is probably the most credible news organization outside of the AP and Reuters, and the most for financial news.",2024-02-27 19:49:00,14,bloomberg probably credible news organization outside ap reuters financial news,Positive,0.6369
53,OxbridgeDingoBaby,"> hope they can thrive and release more models in a few years

Looking at their balance sheet and how much money they‚Äôre **still** losing per car, not likely.",2024-02-27 23:10:55,14,hope thrive release models years looking balance sheet much money ‚Äô still losing per car likely,Positive,0.7686
54,dariy1999,I just consider Mark a techlinked reference now lol,2024-02-27 20:01:12,14,consider mark techlinked reference lol,Neutral,0.0
55,[deleted],[deleted],2024-02-27 20:35:11,14,deleted,Positive,0.4019
56,H0rsemeatdisco,All that mattered with an Apple TV is the software. The UI of every other streaming box is shocking in comparison.,2024-02-27 19:42:37,13,mattered apple tv software ui every streaming box shocking comparison,Positive,0.5719
57,MC_chrome,"The items you listed are still variations of computers in their base form.¬†

Making a car is a completely different ballpark from making variations of personal computers.¬†",2024-02-27 20:33:20,13,items listed still variations computers base form making car completely different ballpark making variations personal computers,Positive,0.3298
58,simpliflyed,They were probably sacked from the Apple car project.,2024-02-27 21:02:33,13,probably sacked apple car project,Neutral,0.0
59,actuallychrisgillen,"Eh, maybe. Apple brand power would be an amazing boost, but Tesla's 'move fast and don't mind the gaps' approach might not jive well with Apple's ethos. 


Unless there's real synergy they can end up being 2 cats in a bag, harming both product lines.",2024-02-27 23:19:12,13,eh maybe apple brand power would amazing boost teslas move fast dont mind gaps approach might jive well apples ethos unless theres real synergy end 2 cats bag harming product lines,Positive,0.4019
60,Ghosty_Spartan,Okay but it‚Äôs Mark sources saying it not Bloombergs‚Ä¶,2024-02-27 19:55:14,12,okay ‚Äô mark sources saying bloombergs‚Ä¶,Neutral,0.0
61,toad_salesman,üòÇ there was a court case (or more) where apple went after employee leakers hard. Around that time Gurmans leaks got a bit more vague.,2024-02-27 21:28:11,12,üòÇ court case apple went employee leakers hard around time gurmans leaks got bit vague,Neutral,0.0
62,selwayfalls,why is it a relief to you personally?,2024-02-27 19:41:33,11,relief personally,Positive,0.1901
63,geodebug,"Your wife would have said the same thing about computers in the 80s. 

AI is extremely important in pro-human endeavors from climate change science, to medicine development, to better farming with less pesticides, to better weather tracking, to materials development, to public policy, to‚Ä¶",2024-02-27 20:09:44,11,wife would said thing computers 80s ai extremely important prohuman endeavors climate change science medicine development better farming less pesticides better weather tracking materials development public policy to‚Ä¶,Positive,0.5719
64,ps-73,not every form of AI has to be generative AI my fucking god,2024-02-28 01:11:28,11,every form ai generative ai fucking god,Positive,0.631
65,iMacmatician,"It's actually not about *Bloomberg*'s credibility. 

They bring it up to discredit *Gurman*. It's always the same report too‚Äîit's the only one bad enough to negatively affect people's perception of him.",2024-02-27 20:09:00,11,actually bloombergs credibility bring discredit gurman always report too‚Äîits one bad enough negatively affect peoples perception,Positive,0.6705
66,intrasight,True. I hear Musk is working on destructive AI.,2024-02-28 06:10:45,11,true hear musk working destructive ai,Positive,0.25
67,bilyl,"The article on The Verge said they've only driven **45000** miles using their autonomous tech. 

Regardless of whether they were going for self-driving or not, it means that their car hardware is nowhere near ready. It doesn't make any business sense to pour in cash for a project that will go to market in 2030 with performance that might be comparable to 2024.

Along the lines of what you said, it may be easier to sell an Apple UX experience to a car manufacturer.",2024-02-27 22:38:53,10,article verge said theyve driven 45000 miles using autonomous tech regardless whether going selfdriving means car hardware nowhere near ready doesnt make business sense pour cash project go market 2030 performance might comparable 2024 along lines said may easier sell apple ux experience car manufacturer,Positive,0.821
68,stapango,LLMs done right are absolutely helpful as a learning tool. E.g. they've already helped me a lot in picking up the basics of Rust (the programming language) without constantly digging through pages of docs- overall I'm pretty perplexed by all the negativity surrounding this stuff.,2024-02-27 19:21:33,10,llms done right absolutely helpful learning tool eg theyve already helped lot picking basics rust programming language without constantly digging pages docs overall im pretty perplexed negativity surrounding stuff,Negative,-0.3818
69,laughland,"The quality of the interiors is generally lacking in Tesla‚Äôs, although I hear they stepped it up for the new Model 3 refresh",2024-02-27 19:46:53,10,quality interiors generally lacking tesla ‚Äô although hear stepped new model 3 refresh,Neutral,0.0
70,caliform,"Cool platitude, but Apple achieved success exactly by *not* following market standards. Expensive tiny spinning hard disk mp3 players. Buttonless smartphones. Custom silicon in laptops. They take existing technologies and ideas and tend to polish the hell out of them and change them meaningfully to align them with their ecosystem. Trying to frame that into 'copying' isn't a useful analogy.",2024-02-27 22:31:09,10,cool platitude apple achieved success exactly following market standards expensive tiny spinning hard disk mp3 players buttonless smartphones custom silicon laptops take existing technologies ideas tend polish hell change meaningfully align ecosystem trying frame copying isnt useful analogy,Neutral,0.0
71,DarthMauly,"""So you're an expert in car batteries and cooling, that's really cool but we need you to help Siri understand basic commands""",2024-02-27 19:15:10,9,youre expert car batteries cooling thats really cool need help siri understand basic commands,Neutral,0.0
72,YouAboutToLoseYoJob,"To be completely honest, upon my arrival, there were still numerous discussions ongoing regarding the final version of the project. Frankly, nobody was certain whether it would culminate in an autonomous vehicle, a taxi service, an Apple-branded production vehicle, or if we would eventually sell the technology to another entity. The speculation and confusion were rampant, and the constant restructuring led me to believe that this endeavor might not see fruition for another 7 to 8 years.

While my focus was primarily on autonomy, I did catch glimpses of the prototypes for the physical vehicle, notable for its unique steering wheel design resembling more of a flight controller than a conventional wheel.

Moreover, considering the incidents involving other autonomous platforms like Uber, Cruise, and Waymo, there was a prevailing sentiment within the lab that no matter how diligent our efforts, a single mishap could result in prolonged negative publicity. While the memory of the woman killed by an Uber car may have faded for many, and incidents involving Cruise in San Francisco may be overlooked, we couldn't afford anything less than absolute perfection.

In my belief, Our testing procedures far surpassed those of any other vehicle platform, yet from a financial standpoint, I struggled to see the profitability of a potential $80,000 to $100,000 car for Apple, considering profit margins.

However, this doesn't take away from many of the the valuable lessons learned throughout the project, which could potentially be integrated into other facets of Apple's operations.",2024-02-27 20:00:32,9,completely honest upon arrival still numerous discussions ongoing regarding final version project frankly nobody certain whether would culminate autonomous vehicle taxi service applebranded production vehicle would eventually sell technology another entity speculation confusion rampant constant restructuring led believe endeavor might see fruition another 7 8 years focus primarily autonomy catch glimpses prototypes physical vehicle notable unique steering wheel design resembling flight controller conventional wheel moreover considering incidents involving autonomous platforms like uber cruise waymo prevailing sentiment within lab matter diligent efforts single mishap could result prolonged negative publicity memory woman killed uber car may faded many incidents involving cruise san francisco may overlooked couldnt afford anything less absolute perfection belief testing procedures far surpassed vehicle platform yet financial standpoint struggled see profitability potential 80000 100000 car apple considering profit margins however doesnt take away many valuable lessons learned throughout project could potentially integrated facets apples operations,Positive,0.552
73,eobanb,"It's not just that. Every media organization gets things wrong sometimes.

The difference here is Bloomberg doubled-down on the story; they refused to retract or correct any part of it, and two years later they even published a follow-up piece called 'The Long Hack' that repeated the (seemingly false / unsubstantiated) claims of the original 2018 article.",2024-02-27 21:04:31,9,every media organization gets things wrong sometimes difference bloomberg doubleddown story refused retract correct part two years later even published followup piece called long hack repeated seemingly false unsubstantiated claims original 2018 article,Positive,0.6841
74,gsfgf,"It's not entirely inaccurate.  Apple barely ever is the first to market.   They're just the ones that can get the broad appeal to *make* the market.  The Mac wasn't the first personal computer, the iPod wasn't the first MP3 player, the iPhone wasn't the first smartphone, AirPods weren't the first bt headphones, etc.  They just built the first versions that people actually wanted.  Whole lot bigger gamble trying to get into the car industry with established players and regulations, though.",2024-02-28 04:33:55,9,entirely inaccurate apple barely ever first market theyre ones get broad appeal make market mac wasnt first personal computer ipod wasnt first mp3 player iphone wasnt first smartphone airpods werent first bt headphones etc built first versions people actually wanted whole lot bigger gamble trying get car industry established players regulations though,Positive,0.9201
75,[deleted],[deleted],2024-02-27 20:30:24,9,deleted,Negative,-0.34
76,CryptogenicallyFroze,6 months from now: ‚ÄúApple cancels AI project to focus on 3D fidget spinners‚Äù (or whatever the next trend is),2024-02-28 05:03:39,8,6 months ‚Äú apple cancels ai project focus 3d fidget spinners ‚Äù whatever next trend,Neutral,0.0
77,rjcarr,"Sure, the scientists are different, and even the super high level algorithm people, but a lot of the ""grunt"" software work would be translatable between skillsets.  It wouldn't be so esoteric that skilled software engineers couldn't pick it up reasonably quickly.",2024-02-27 20:26:45,8,sure scientists different even super high level algorithm people lot grunt software work would translatable skillsets wouldnt esoteric skilled software engineers couldnt pick reasonably quickly,Neutral,0.0
78,[deleted],[deleted],2024-02-27 19:22:11,8,deleted,Neutral,0.0
79,Portatort,Nah this is more than likely the real deal and the end of the road,2024-02-27 19:26:17,8,nah likely real deal end road,Positive,0.25
80,TvIsSoma,Honestly couldn‚Äôt be worse than Siri right now lol.,2024-02-27 20:44:29,8,honestly ‚Äô worse siri right lol,Negative,-0.431
81,tvtb,"Yes actually. I'm in InfoSec and that was a BIG deal that report, made us look at our entire data center with supermicro mobos and wonder if we had to pull the plug on the whole place. We dealt with sensitive info that was geo-politically relevant the alleged hackers.

Turns out that story was 100% totally wrong, proved by many other parties collectivelly, and there was never a retraction, never a statement that they were wrong, nothing. The writers involved got promoted a couple years later.

So I'll never believe a god damn thing they write.",2024-02-27 21:53:22,8,yes actually im infosec big deal report made us look entire data center supermicro mobos wonder pull plug whole place dealt sensitive info geopolitically relevant alleged hackers turns story 100 totally wrong proved many parties collectivelly never retraction never statement wrong nothing writers involved got promoted couple years later ill never believe god damn thing write,Neutral,0.0
82,magyar_wannabe,"Not to mention, giant touchscreens in cars are just not user friendly. They take your eyes off the road for functions that used to be controlled by physical tactile buttons and knobs. I get why car makers do it, but man, I hate it.",2024-02-27 20:33:18,8,mention giant touchscreens cars user friendly take eyes road functions used controlled physical tactile buttons knobs get car makers man hate,Negative,-0.5256
83,meditationchill,"Just curious, but what did you do at Apple?",2024-02-27 21:18:48,8,curious apple,Neutral,0.0
84,Lastb0isct,ARM transition just happened a couple years ago‚Ä¶that is flat?,2024-02-27 21:09:59,8,arm transition happened couple years ago‚Ä¶that flat,Positive,0.4767
85,MalteseAppleFan,Wasn‚Äôt it 4 years away‚Ä¶,2024-02-27 19:14:04,7,‚Äô 4 years away‚Ä¶,Positive,0.9487
86,BinOfBargains,"Beat me to it by a minute! Honestly, this is a huge relief for me. A car would be a massive undertaking for Apple in terms of R&D + manufacturing, and bringing it to market would be a dramatically different undertaking from their typical hardware. Personally, I believe Apple is better off licensing technology for existing auto brands (many traditional auto OEMs still have a subpar user experience which CarPlay already helps with tremendously). And frankly I can‚Äôt imagine a world in which Apple would produce a car that meets their own standards that is also attainable for more than 0.1% of the population.",2024-02-27 19:10:14,7,beat minute honestly huge relief car would massive undertaking apple terms rd manufacturing bringing market would dramatically different undertaking typical hardware personally believe apple better licensing technology existing auto brands many traditional auto oems still subpar user experience carplay already helps tremendously frankly ‚Äô imagine world apple would produce car meets standards also attainable 01 population,Positive,0.9513
87,Consistent_Set76,"The thing is they‚Äôd be overpaying for any of these companies if they were to do it right now 

I mean they could still buy in straight cash, but still",2024-02-27 22:11:30,7,thing ‚Äô overpaying companies right mean could still buy straight cash still,Positive,0.296
88,busted_tooth,You're replying to Tim Cook.,2024-02-27 19:54:12,7,youre replying tim cook,Positive,0.802
89,filmantopia,I promise you Apple didn‚Äôt spend probably hundreds of millions working on a car project for a decade just to finally come to that conclusion. The challenge or series of challenges that led to the closing of this project were about insurmountable obstacles to fulfill a vision. This is consistent with every report we‚Äôve heard about the problems this project faced.,2024-02-28 01:25:24,7,promise apple ‚Äô spend probably hundreds millions working car project decade finally come conclusion challenge series challenges led closing project insurmountable obstacles fulfill vision consistent every report ‚Äô heard problems project faced,Positive,0.6268
90,RedditJumpedTheShart,It better have a charging port on the bottom or no sale!,2024-02-27 22:36:29,7,better charging port bottom sale,Neutral,0.0
91,shr1n1,"None of Apple products were first in their industry but they beat all others be use of user experience. MP3 players, phones, tablets, watches, earphones time and again they have taken existing products and beat everyone at it. Same with VR/AR.",2024-02-27 20:38:30,7,none apple products first industry beat others use user experience mp3 players phones tablets watches earphones time taken existing products beat everyone vrar,Positive,0.25
92,Portatort,What hardware have Apple announced in the last 5 years that Gurman didn‚Äôt accurately report prior?,2024-02-27 19:34:06,7,hardware apple announced last 5 years gurman ‚Äô accurately report prior,Positive,0.7579
93,[deleted],[deleted],2024-02-27 20:49:51,7,deleted,Positive,0.4939
94,stapango,Good to hear. Would be strange to have people getting injured / killed inside of Apple products,2024-02-27 19:14:37,6,good hear would strange people getting injured killed inside apple products,Negative,-0.7684
95,Blindemboss,"From smart speakers, to VR headset to autonomous cars and now playing catchup in Generative AI.

Apple have become trend followers without the visionary it once had in Jobs.",2024-02-27 20:50:22,6,smart speakers vr headset autonomous cars playing catchup generative ai apple become trend followers without visionary jobs,Negative,-0.128
96,Murph-Dog,"Any time I update my wife on the state of AI, she asks, why can't people put their energy into something that helps people?",2024-02-27 19:14:22,6,time update wife state ai asks cant people put energy something helps people,Neutral,0.0
97,Dismal-Dealer4298,I like to go hiking.,2024-02-27 22:46:05,6,like go hiking,Neutral,0.0
98,davidjschloss,"Originally it wasn't just an EV project. It was autonomous. 

Self driving car plans are falling apart due to real world issues. Generative ai is doing well. 

Better to do the tech that helps all users and circle back to cars with the lessons learned from good generative ai development.",2024-02-27 21:18:23,6,originally wasnt ev project autonomous self driving car plans falling apart due real world issues generative ai well better tech helps users circle back cars lessons learned good generative ai development,Positive,0.9563
99,AvidStressEnjoyer,"We should start a foundation that ensure open and free access to ai for all humanity.

We could call it OpenAI and it would never look to make fucktons of money for a handful of people by selling out to the first megacorp that said hello.",2024-02-27 21:46:39,6,start foundation ensure open free access ai humanity could call openai would never look make fucktons money handful people selling first megacorp said hello,Positive,0.2382
100,ubix,That‚Äôs the point of R&D üôÑ,2024-02-27 20:15:53,6,‚Äô point rd üôÑ,Neutral,0.0
101,muribundi,The Apple Vision Pro beg to differ ü§£,2024-02-27 19:35:06,6,apple vision pro beg differ ü§£,Neutral,0.0
102,bighi,"And in a car project, impact is what you‚Äôre trying to avoid.",2024-02-28 03:30:59,6,car project impact ‚Äô trying avoid,Positive,0.6696
103,luke_workin,Gurman is incredibly reliable.,2024-02-27 20:37:02,6,gurman incredibly reliable,Neutral,0.0
104,SpicyCommenter,"The two don't have to be mutually exclusive, though profits indeed are more important. Healthcare would literally be a field sustaining non-cures if your worldview is correct.",2024-02-27 19:36:16,6,two dont mutually exclusive though profits indeed important healthcare would literally field sustaining noncures worldview correct,Positive,0.25
105,princess-catra,Vision Pro eye tracking usage for navigation is the only tech currently utilizing it. Id called that a risk. Same with focus on content. No other place with 4K 3D movies. Among other things like first to market with 4K microOled. You can say a lot about VP but it being a safe play is not one of them.,2024-02-27 20:24:56,6,vision pro eye tracking usage navigation tech currently utilizing id called risk focus content place 4k 3d movies among things like first market 4k microoled say lot vp safe play one,Negative,-0.6074
106,selwayfalls,"haha, but tbh It feels like about 90% of the world needs something to worship. Half it's religion, for some it's Joe Rogan and defining yourself that eating meat makes you cool, then for others it's brands - fashion, tech, cars, etc. It's really fucking stupid if you think about it for 1 minute but it also kinda makes sense as we're all tribal. I work in the creative field and since the 90s it was basically just a given that the 'cool' designers and creatives worked on macbook pros. You're part of the club, etc. All of course great marketing but there was some truth to that for a bit. It's all bullshit now but you get the idea.",2024-02-27 22:37:57,6,haha tbh feels like 90 world needs something worship half religion joe rogan defining eating meat makes cool others brands fashion tech cars etc really fucking stupid think 1 minute also kinda makes sense tribal work creative field since 90s basically given cool designers creatives worked macbook pros youre part club etc course great marketing truth bit bullshit get idea,Neutral,0.0
107,chewbaccawastrainedb,According to Media Bias Fact Check they have [high credibility.](https://mediabiasfactcheck.com/bloomberg/),2024-02-27 20:00:37,6,according media bias fact check high credibilityhttpsmediabiasfactcheckcombloomberg,Neutral,0.0
108,Sprinkler-of-salt,"Correction: shifts *some* of the team to GenAI.

Most of those 2k staff will be on the chopping block.",2024-02-27 21:33:05,5,correction shifts team genai 2k staff chopping block,Negative,-0.4019
109,FUThead2016,Soon they‚Äôll pull them off Generative AI and get them to work on Blockchain. And then back to whatever the hype cycle is about,2024-02-28 09:43:36,5,soon ‚Äô pull generative ai get work blockchain back whatever hype cycle,Neutral,0.0
110,sbos_,Can they just fix Siri and make it resllly good?¬†,2024-02-27 20:31:48,5,fix siri make resllly good,Neutral,0.0
111,Slaaneshdog,It's been 5 years away for 10 years,2024-02-27 19:43:48,5,5 years away 10 years,Negative,-0.2732
112,Dr-McLuvin,"I would tell her that those two things go hand in hand for the most part. Businesses generally invest in projects that they think will make money. If your product or services didn‚Äôt help people, then no one would buy them. 

Also not every product is designed specifically to ‚Äúhelp people.‚Äù Some is just for entertainment purposes. Which helps people indirectly by helping them relax in their downtime (or whatever).",2024-02-27 19:28:20,5,would tell two things go hand hand part businesses generally invest projects think make money product services ‚Äô help people one would buy also every product designed specifically ‚Äú help people ‚Äù entertainment purposes helps people indirectly helping relax downtime whatever,Neutral,0.0
113,YouAboutToLoseYoJob,"Oh, you have no idea. That project in my very small department was burning 10 million a month.",2024-02-27 19:29:34,5,oh idea project small department burning 10 million month,Positive,0.5859
114,AtOurGates,"It's a big miss in an otherwise very consumer-friendly vehicle and company.  

Though, if you believe ""[random internet rumors posted by a stranger who claims they totally came from a sales person at a car dealership](https://www.reddit.com/r/Rivian/comments/1b14ce7/aacarplay_is_coming_to_rivian_later_this_year/)""  then CarPlay is definitely coming this year. 

And honestly, how could you not put your faith in such a credible source?",2024-02-27 22:43:07,5,big miss otherwise consumerfriendly vehicle company though believe random internet rumors posted stranger claims totally came sales person car dealershiphttpswwwredditcomrriviancomments1b14ce7aacarplayiscomingtorivianlaterthisyear carplay definitely coming year honestly could put faith credible source,Neutral,0.0
115,TapDatApp,And people don't upgrade their actual TV set every year and not even every 5 years in most cases. Didn't make sense for Apple.,2024-02-27 20:51:18,5,people dont upgrade actual tv set every year even every 5 years cases didnt make sense apple,Positive,0.9041
116,medievalmachine,"I love cars but I'm not sure we should rely on the current ICE makers either. And Tesla/Musk are so combustible the whole thing might go poof. 

Anyway, competition is supposed to be good, remember?",2024-02-27 19:32:44,5,love cars im sure rely current ice makers either teslamusk combustible whole thing might go poof anyway competition supposed good remember,Neutral,0.0
117,GoSh4rks,"> smartphone on wheels approach

Why do people keep saying this?  A Tesla or any other EV is still a car first and foremost. The ""smartphone"" aspect is such a small portion of the entire car.",2024-02-27 19:43:25,5,smartphone wheels approach people keep saying tesla ev still car first foremost smartphone aspect small portion entire car,Positive,0.25
118,Toredo226,"Tutoring, your accountant, a lawyer, medical consultant, fitness trainer, etc etc. for $20 a month. That‚Äôs the most significant (helpful?) change for the consumer, ever. 

It‚Äôs the first general purpose tool. Like the human brain. It‚Äôs scalable intelligence. It will eventually participate in anything human intelligence has. Which, if you look around yourself, is everything.",2024-02-27 20:04:50,5,tutoring accountant lawyer medical consultant fitness trainer etc etc 20 month ‚Äô significant helpful change consumer ever ‚Äô first general purpose tool like human brain ‚Äô scalable intelligence eventually participate anything human intelligence look around everything,Negative,-0.296
119,ImmunodeficientEsox,Like what,2024-02-27 19:33:18,5,like,Neutral,0.0
120,OopsAllTraffic,"also like, did people really want a Apple car to exist? 

this is great, we got plenty cars. maybe not worth the emissions to get it on the road before people overpriced junk and worse than the google car idk",2024-02-28 00:24:14,5,also like people really want apple car exist great got plenty cars maybe worth emissions get road people overpriced junk worse google car idk,Neutral,0.0
121,TheArstaInventor,"I own an ioniq 5, and test drove several EVs including the model Y, and in my experience, I found the interior and drive quality to be one of the worse of the candidates with the Tesla, it's just so plain with nothing but a huge iPad pasted in the middle and there is a huge learning curve you will have to get used to when a tablet only interface offers no real benifits over proper touch controls and buttons.

Especially when you drive, it's really inconvenient, want to open a glove box? You have to play around the UI and do a couple of clicks to get to that, while driving this isn't convenient or safe and you will most probably just ask your passenger to do that for you.

Drive quality was also not impressive, and didn't feel as smooth as some of the other EVs I tested like polestar and etc.

I ended up with ioniq 5 limited, the interior is miles better, and It even has reclining seats. You have both touch screen that's not small or huge, and core controls like climate controls and sounds have buttons and controls that's actually convenient to deal with especially when driving.",2024-02-27 19:48:51,5,ioniq 5 test drove several evs including model experience found interior drive quality one worse candidates tesla plain nothing huge ipad pasted middle huge learning curve get used tablet interface offers real benifits proper touch controls buttons especially drive really inconvenient want open glove box play around ui couple clicks get driving isnt convenient safe probably ask passenger drive quality also impressive didnt feel smooth evs tested like polestar etc ended ioniq 5 limited interior miles better even reclining seats touch screen thats small huge core controls like climate controls sounds buttons controls thats actually convenient deal especially driving,Neutral,0.0
122,selwayfalls,Yeah but you could just not buy an apple car and this wouldnt effect you at all.,2024-02-28 00:50:12,5,yeah could buy apple car wouldnt effect,Neutral,0.0
123,Flipslips,"Not saying it‚Äôs impossible, but there‚Äôs a very slim chance that model actually sees the light of day. Rivian is in a make or break period then next year or so and based off company guidance it‚Äôs not looking too hot",2024-02-28 02:48:53,5,saying ‚Äô impossible ‚Äô slim chance model actually sees light day rivian make break period next year based company guidance ‚Äô looking hot,Neutral,0.0
124,danielbauer1375,"I think it's way too early to make those types of declarations. Right now, AR/VR is an enthusiast's market with massive upside. Apple's revenue from hardware, particularly the iPhone is plateauing a little, so introducing a new product that many believe will be the next big leap in mobile computing makes a lot of sense. Think of it as them selling refined ""prototypes"" until the product everyone really wants will be technically possible.",2024-02-27 22:15:01,5,think way early make types declarations right arvr enthusiasts market massive upside apples revenue hardware particularly iphone plateauing little introducing new product many believe next big leap mobile computing makes lot sense think selling refined prototypes product everyone really wants technically possible,Neutral,0.0
125,iMacmatician,It's to diminish *Gurman's* credibility by proxy.,2024-02-27 20:05:36,5,diminish gurmans credibility proxy,Neutral,0.0
126,stacecom,"I never understood why Apple even wanted into that game.  It made less sense than the Apple TV (an actual TV, not the device we have now) that was perpetually rumored.",2024-02-28 00:22:28,4,never understood apple even wanted game made less sense apple tv actual tv device perpetually rumored,Positive,0.8763
127,justformygoodiphone,"What they probably don‚Äôt know ‚Äúelectric car‚Äù program isn‚Äôt an electric car program at all.

Apple probably has a self driving program going on that these people are easily qualified/crossed over to AI‚Ä¶",2024-02-28 06:56:27,4,probably ‚Äô know ‚Äú electric car ‚Äù program ‚Äô electric car program apple probably self driving program going people easily qualifiedcrossed ai‚Ä¶,Positive,0.9201
128,radol,"They probably based their engineering on chatgpt answers, but figured out that it's not giving them good answers so they came to obvious conclusion that only way to design a car is¬† to create better ai first.",2024-02-28 04:42:42,4,probably based engineering chatgpt answers figured giving good answers came obvious conclusion way design car create better ai first,Positive,0.25
129,filmantopia,"I remember when Apple wasn't well-suited to make mp3 players, phones, and watches. They're still a company with a potentially very long future ahead, that's always growing and changing. There's no reason to think they're fundamentally incapable of making a great, game-changing car, undermining once again the limits of what many believed the company is capable. But regarding Apple's ""1000 No's for every yes"" philosophy, this may be one of their most difficult and significant ""No's"" ever.

I wouldn't be surprised if a new car project emerges in Apple one day in the future, but it looks like as of now, that will not be anytime soon. Very sad to me, because they've been at it for so long and I'm sure there were a ton of fascinating ideas here. But it can only be because they hit a roadblock somewhere that looked insurmountable, and determined they could not effectively achieve their vision for a car at this time.",2024-02-27 20:22:41,4,remember apple wasnt wellsuited make mp3 players phones watches theyre still company potentially long future ahead thats always growing changing theres reason think theyre fundamentally incapable making great gamechanging car undermining limits many believed company capable regarding apples 1000 nos every yes philosophy may one difficult significant nos ever wouldnt surprised new car project emerges apple one day future looks like anytime soon sad theyve long im sure ton fascinating ideas hit roadblock somewhere looked insurmountable determined could effectively achieve vision car time,Negative,-0.3818
130,Totonotofkansas,I‚Äôd argue Apple has a history of refining and improving products that already exist.,2024-02-27 21:11:30,4,‚Äô argue apple history refining improving products already exist,Positive,0.296
131,Exist50,Every company tries stuff that just doesn't work out. Apple has plenty of money to take risks.,2024-02-27 19:46:23,4,every company tries stuff doesnt work apple plenty money take risks,Neutral,0.0
132,thehighplainsdrifter,I just fell to my knees in an apple store,2024-02-27 20:32:16,4,fell knees apple store,Positive,0.594
133,Audomadic,Rivian is burning an insane amount of cash. Demand for high-end EVs will probably be down for a while.  Building trucks/vans for deliveries will probably keep them afloat but it‚Äôs not looking good. Probably the reason Apple bailed on the car.,2024-02-28 00:08:40,4,rivian burning insane amount cash demand highend evs probably building trucksvans deliveries probably keep afloat ‚Äô looking good probably reason apple bailed car,Negative,-0.6486
134,Luph,"i mean, apple makes premium products. i'm sure plenty of people would buy a hugely expensive Apple TV if they made one.",2024-02-27 19:45:56,4,mean apple makes premium products im sure plenty people would buy hugely expensive apple tv made one,Positive,0.4019
135,StrongOnline007,"This brand, Apple ‚Äî this brand is my life. The technology they create? Unparalleled. For example, they created a watch which can show a Mickey Mouse on top. And they have also created a pair of goggles that can show my eyes through the goggles until the screen cracks. So this is a huge relief to me because I believe their car would almost be too good and too powerful to be conceived by mankind.",2024-02-27 22:05:59,4,brand apple ‚Äî brand life technology create unparalleled example created watch show mickey mouse top also created pair goggles show eyes goggles screen cracks huge relief believe car would almost good powerful conceived mankind,Negative,-0.7652
136,danielbauer1375,"I think they're just wondering how Apple's car would act differently from their competition if CarPlay is already available on those cars. The features you're referring to aren't gonna convince customers to buy the car (I sure as hell wouldn't want Siri in its current state to control anything in my car), especially if they still really expect their customers to pay that ever popular ""Apple Tax.""",2024-02-27 22:29:19,4,think theyre wondering apples car would act differently competition carplay already available cars features youre referring arent gon na convince customers buy car sure hell wouldnt want siri current state control anything car especially still really expect customers pay ever popular apple tax,Negative,-0.2411
137,TheArstaInventor,"Anything you want to do is stuck in a tablet that's slapped in the middle, that's why they are referred to that.",2024-02-27 19:52:00,4,anything want stuck tablet thats slapped middle thats referred,Positive,0.7003
138,dossier762,"Author likely doesn‚Äôt have full, correct details",2024-02-27 19:25:53,4,author likely ‚Äô full correct details,Negative,-0.5106
139,Chapman8tor,"Because the next best thing to being there, is AR?",2024-02-27 20:37:15,3,next best thing ar,Positive,0.7263
140,AngryFace4,"I would be surprised if Apple could tame a generative model to behave within their very stringent standard.

Google, as we‚Äôve seen recently, attempted to tame Gemini and we‚Äôve all seen the crazy shit that that thing produces.",2024-02-27 22:25:29,3,would surprised apple could tame generative model behave within stringent standard google ‚Äô seen recently attempted tame gemini ‚Äô seen crazy shit thing produces,Negative,-0.7503
141,bloomberg,"*From Bloomberg News reporter Mark Gurman:*

Apple¬†is canceling a decadelong effort to build an electric car, according to people with knowledge of the matter, abandoning one of the most ambitious projects in the history of the company.

Apple made the disclosure internally Tuesday, surprising the nearly 2,000 employees working on the project, said the people, who asked not to be identified because the announcement wasn‚Äôt public. The decision was shared by Chief Operating Officer¬†Jeff Williams¬†and¬†Kevin Lynch, a vice president in charge of the effort, according to the people.

The two executives told staffers that the project will begin winding down and that many employees on the car team ‚Äî known as the Special Projects Group, or SPG ‚Äî will be shifted to the artificial intelligence division under executive¬†John Giannandrea. Those employees will focus on generative AI projects, an increasingly key priority for the company.

The Apple car team also has several hundred hardware engineers and vehicle designers. It‚Äôs possible they will be able to apply for jobs on other Apple teams. There will be layoffs, but it‚Äôs unclear how many.

The decision to ultimately wind down the project is a bombshell for the company, ending a multibillion-dollar effort called Project Titan that would have vaulted Apple into a whole new industry.¬†You can read the full story [here](https://www.bloomberg.com/news/articles/2024-02-27/apple-cancels-work-on-electric-car-shifts-team-to-generative-ai), or [sign up](https://www.bloomberg.com/account/newsletters/power-on) for Mark's Power On newsletter, free to read.",2024-02-27 21:45:31,3,bloomberg news reporter mark gurman apple canceling decadelong effort build electric car according people knowledge matter abandoning one ambitious projects history company apple made disclosure internally tuesday surprising nearly 2000 employees working project said people asked identified announcement ‚Äô public decision shared chief operating officer jeff williams kevin lynch vice president charge effort according people two executives told staffers project begin winding many employees car team ‚Äî known special projects group spg ‚Äî shifted artificial intelligence division executive john giannandrea employees focus generative ai projects increasingly key priority company apple car team also several hundred hardware engineers vehicle designers ‚Äô possible able apply jobs apple teams layoffs ‚Äô unclear many decision ultimately wind project bombshell company ending multibilliondollar effort called project titan would vaulted apple whole new industry read full story herehttpswwwbloombergcomnewsarticles20240227applecancelsworkonelectriccarshiftsteamtogenerativeai sign uphttpswwwbloombergcomaccountnewsletterspoweron marks power newsletter free read,Negative,-0.471
142,moosefre,apple make trains please put railroads in use the money put apple streetcars in please,2024-02-28 01:33:34,3,apple make trains please put railroads use money put apple streetcars please,Neutral,0.0
143,redpanda543210,they're late to the generative ai party,2024-02-28 03:07:36,3,theyre late generative ai party,Neutral,0.0
144,caskethands,"I can't afford their consumer devices, I can't imagine affording their car",2024-02-27 19:18:19,3,cant afford consumer devices cant imagine affording car,Positive,0.6249
145,jayfiedlerontheroof,Lol Apple is a shitty company,2024-02-27 21:34:46,3,lol apple shitty company,Neutral,0.0
146,tangoshukudai,"The electric car was never supposed to be an electric car, it was to understand the technology and have an excuse to hire all the lidar and camera tech, and ML engineers for AR and AI.",2024-02-27 20:54:04,3,electric car never supposed electric car understand technology excuse hire lidar camera tech ml engineers ar ai,Positive,0.143
147,LordCinnabon,I could see them more likely buying Polestar from Volvo.,2024-02-27 20:22:00,3,could see likely buying polestar volvo,Neutral,0.0
148,GetEnPassanted,"It may not just be employees, but funds.",2024-02-27 19:46:28,3,may employees funds,Neutral,0.0
149,m2r9,I thought it had been canceled too but this is all I could find. https://www.motortrend.com/news/project-titans-apple-car-delayed-2026/,2024-02-27 21:37:22,3,thought canceled could find httpswwwmotortrendcomnewsprojecttitansapplecardelayed2026,Positive,0.0516
150,B3stThereEverWas,"Same. Knew a guy who announced in LI he was leaving last week. He had a LOT of international experience in Automotive and was there for ~8 years, so it seemed odd he was leaving and going back home. Now I know why.",2024-02-28 08:14:00,3,knew guy announced li leaving last week lot international experience automotive 8 years seemed odd leaving going back home know,Positive,0.5994
151,gsfgf,CarPlay doesn't suck.  The manufacturers are switching to proprietary apps so they can collect data.,2024-02-28 04:24:34,3,carplay doesnt suck manufacturers switching proprietary apps collect data,Neutral,0.0
152,[deleted],[deleted],2024-02-28 00:09:20,3,deleted,Positive,0.2716
153,AtomicSymphonic_2nd,"Sony is taking the same path Apple was: designing the software and AI systems for that Honda vehicle.

Those ""Afeela"" cars will likely be as close to an ""Apple car"" or ""smartphone on wheels"" tech enthusiasts can get aside from a Tesla.",2024-02-28 04:53:23,3,sony taking path apple designing software ai systems honda vehicle afeela cars likely close apple car smartphone wheels tech enthusiasts get aside tesla,Positive,0.6249
154,helpful__explorer,"I was going to say. Sometimes things don't pan out the way he predicts super early on, but he's got a lot of ears inside Apple",2024-02-27 19:24:03,3,going say sometimes things dont pan way predicts super early hes got lot ears inside apple,Positive,0.4023
155,jknlsn,I‚Äôm optimistic of prices coming down eventually!,2024-02-28 02:00:22,3,‚Äô optimistic prices coming eventually,Positive,0.6187
156,Slaaneshdog,....what?,2024-02-27 21:11:22,3,,Negative,-0.1531
157,iqandjoke,"TIL

ICE stands for internal combustion engine, referring to traditional gas-powered cars.",2024-02-28 07:54:04,3,til ice stands internal combustion engine referring traditional gaspowered cars,Positive,0.8674
158,Karlchen,All current approaches for more advanced driver assistance make heavy use of machine learning. The skillset is the same.,2024-02-27 22:52:33,3,current approaches advanced driver assistance make heavy use machine learning skillset,Positive,0.5859
159,poliscistonedguy,Who's Tim Cook? I think you mean Tim Apple.,2024-02-27 22:16:14,3,whos tim cook think mean tim apple,Positive,0.1779
160,MikeyMike01,"> Healthcare would literally be a field sustaining non-cures if your worldview is correct

A nontrivial amount of people believe that to be the case already",2024-02-27 19:43:41,3,healthcare would literally field sustaining noncures worldview correct nontrivial amount people believe case already,Negative,-0.4939
161,iMacmatician,"Not so relevant when we're discussing a specific person, is it? 

Also, as long as we're having high standards for credibility, I say that Gruber has little to none of it. [From](https://www.reddit.com/r/apple/comments/w6xcmh/comment/ihkyoiu/) u/Exist50: 

>I remember when he used to claim that OLED was inherently inferior to LCD in color accuracy, brightness, etc. He kept this up even¬†*after*¬†the Galaxy S5 was measured to be more accurate than any iPhone at the time. Inexplicably, however, this rhetoric stopped right around the time it was rumored Apple would be moving to OLED with the X. A true mystery...",2024-02-27 20:15:09,3,relevant discussing specific person also long high standards credibility say gruber little none fromhttpswwwredditcomrapplecommentsw6xcmhcommentihkyoiu uexist50 remember used claim oled inherently inferior lcd color accuracy brightness etc kept even galaxy s5 measured accurate iphone time inexplicably however rhetoric stopped right around time rumored apple would moving oled x true mystery,Positive,0.6249
162,JustinGitelmanMusic,"You seem to have misunderstood the meaning of risk in this context. The iPhone was a company pivot to the phone industry with a vastly different set of competitors and regulations/norms than what they were used to.  They weren't talking about the tech 'playing it safe'.

A car would be a huge pivot in terms of the types of companies Apple would be competing with, the regulations and norms, and the scale/type of considerations needed. It could be an exact clone of the latest Tesla which would be 'playing it safe' in terms of features and yet it would still be a massive risk in terms of company strategy and resources.

Even Watch was a bit of a risk entering the wearable industry, which opens them up to finding their place in the entire fashion industry, as well as medical device field (which has already proven to be risky, given they got the Apple Watch banned for infringing on a patent).

Vision Pro is just kind of a different computer/iPad with particular interface and technology. Mostly the same competitors. Mostly the same consumers. Much of the same technology, plus a few more advanced pieces that build on existing technology. iPhones and computers can already be used at home",2024-02-27 22:08:25,3,seem misunderstood meaning risk context iphone company pivot phone industry vastly different set competitors regulationsnorms used werent talking tech playing safe car would huge pivot terms types companies apple would competing regulations norms scaletype considerations needed could exact clone latest tesla would playing safe terms features yet would still massive risk terms company strategy resources even watch bit risk entering wearable industry opens finding place entire fashion industry well medical device field already proven risky given got apple watch banned infringing patent vision pro kind different computeripad particular interface technology mostly competitors mostly consumers much technology plus advanced pieces build existing technology iphones computers already used home,Neutral,0.0
163,[deleted],[deleted],2024-02-27 22:37:47,3,deleted,Negative,-0.5859
164,whiskeyjacklarch,"As a doc, this is why public healthcare is so important.  Money is king, so why the fuck would you hand people lives over to bean counters.  It's a race to the bottom once profits exceed lawsuits",2024-02-27 22:04:31,3,doc public healthcare important money king fuck would hand people lives bean counters race bottom profits exceed lawsuits,Neutral,0.0
165,AlexanderLavender,This is so far from true it's laughable,2024-02-27 20:13:08,3,far true laughable,Positive,0.7184
166,danielbauer1375,"I mean, console gaming is a multi-billion dollar industry that many wouldn't consider solving a problem, outside of providing escapism. There's no reason Apple can't use that approach with the Vision Pro until future generations are able to do something people find really useful.",2024-02-27 22:19:21,3,mean console gaming multibillion dollar industry many wouldnt consider solving problem outside providing escapism theres reason apple cant use approach vision pro future generations able something people find really useful,Negative,-0.1078
167,Buy-theticket,You literally use the touch screen to shift into gear on their latest fridge on wheels..,2024-02-27 21:13:42,3,literally use touch screen shift gear latest fridge wheels,Neutral,0.0
168,EdBloomKiss,Nightly janitor at an Apple store,2024-02-28 01:32:59,3,nightly janitor apple store,Neutral,0.0
169,[deleted],[deleted],2024-02-27 19:36:47,2,deleted,Positive,0.7964
170,Kurso,I never understood Apple‚Äôs car efforts. I love Apple products but I don‚Äôt need and ‚ÄòApple experience‚Äô for my car. Even the infotainment is an afterthought when buying a car.,2024-02-28 00:46:18,2,never understood apple ‚Äô car efforts love apple products ‚Äô need ‚Äò apple experience ‚Äô car even infotainment afterthought buying car,Negative,-0.5994
171,NYC61,"This is sad news for everyone here at Busy Town. Lowly Worm is distraught.

In the words on The Beatles - ""Beep Beep, Yea Yea Yeah!""

&#x200B;

https://preview.redd.it/4uf197ah88lc1.jpeg?width=500&format=pjpg&auto=webp&s=ac9592de0d27b99b68627fda5c930145896a5784",2024-02-28 01:12:31,2,sad news everyone busy town lowly worm distraught words beatles beep beep yea yea yeah x200b httpspreviewreddit4uf197ah88lc1jpegwidth500formatpjpgautowebpsac9592de0d27b99b68627fda5c930145896a5784,Positive,0.8176
172,GentleGesture,"This honestly makes a lot of sense. Between having to sell something much larger, to servicing the vehicles over time, and even that PR risk of deaths directly related to an Apple product, this car project just seemed like too much for them to chew on",2024-02-28 01:31:54,2,honestly makes lot sense sell something much larger servicing vehicles time even pr risk deaths directly related apple product car project seemed like much chew,Positive,0.8176
173,Grendel_82,"About freaking time! 

It basically never really made sense as a project for a computer, software, and consumer product company to focus on making an entire car (and then multiple versions of cars, which you would need to do to be successful). And no, EVs are not basically iPhones on wheels. They are cars that happen, these days, to use a tablet interface that you rarely (as a percentage of your driving experience) interact with. Just because that tablet uses a touch interface similar to an iPhone does not make a car an iPhone.",2024-02-28 02:23:33,2,freaking time basically never really made sense project computer software consumer product company focus making entire car multiple versions cars would need successful evs basically iphones wheels cars happen days use tablet interface rarely percentage driving experience interact tablet uses touch interface similar iphone make car iphone,Positive,0.749
174,ImFresh3x,Late to one party. Late to the next.,2024-02-28 08:06:29,2,late one party late next,Neutral,0.0
175,Vahlir,"Unfortunately I think this has to do with the signs of where things are across the industry at the moment. 

There's a lot of struggle with EV's on things with a) getting electronic parts b) sourcing enough lithium for batteries c) expensive repair costs d) keeping the MSRP down compared to similar ICE cars. 

I was trying to buy a Honda Ioniq5 a couple years ago and I had a down payment and it was delayed 12 months before I just said, screw this, and went and bought an ICE. 

Then there was an article about a guy who owned on in Canada and they were going to charge him 60k in repair costs because the battery needed replacing. 

Mind you the car already sells for 60k and it's...Not a luxrious interior by any means, it's very ""plasticy"". It's fast as hell but that's a ""value"" that wears off after you show it off a few times, sure merging on the highway is great but no one ""needs"" 0-60 in under 4 seconds the majority of the time. Also it had no rear wiper, which was an issue. 

Anyways, just read an article a few days ago where Mercedes is joining a list of other car manufacturers who are scaling back EV production, in what was already a VERY small market (at least in the US/Canada)

Seems like an EV will add 30-50k to most sticker prices and people just don't care THAT much to warrant it.",2024-02-28 11:39:35,2,unfortunately think signs things across industry moment theres lot struggle evs things getting electronic parts b sourcing enough lithium batteries c expensive repair costs keeping msrp compared similar ice cars trying buy honda ioniq5 couple years ago payment delayed 12 months said screw went bought ice article guy owned canada going charge 60k repair costs battery needed replacing mind car already sells 60k itsnot luxrious interior means plasticy fast hell thats value wears show times sure merging highway great one needs 060 4 seconds majority time also rear wiper issue anyways read article days ago mercedes joining list car manufacturers scaling back ev production already small market least uscanada seems like ev add 3050k sticker prices people dont care much warrant,Positive,0.4576
176,ObjectiveList9,Can we just ban unofficial posts about the fucking car already. Look look! https://www.reddit.com/r/apple/s/9excf4oMSK,2024-02-28 16:17:09,2,ban unofficial posts fucking car already look look httpswwwredditcomrapples9excf4omsk,Positive,0.7313
177,thehighplainsdrifter,They probably still got a lot of good tech out of the R&D so far.  I would bet some of the Vision Pro sensors/cameras came out of this research.,2024-02-27 20:33:52,2,probably still got lot good tech rd far would bet vision pro sensorscameras came research,Neutral,0.0
178,McWillyWiggs,"They should have bought Tesla when they had the chance

[https://www.businessinsider.com/elon-musk-wanted-apple-buy-tesla-tim-cook-meeting-2020-12](https://www.businessinsider.com/elon-musk-wanted-apple-buy-tesla-tim-cook-meeting-2020-12)  


https://preview.redd.it/ne25dl1p77lc1.png?width=1136&format=png&auto=webp&s=44b4b5fc265acc71eb653d4941567cc8026ea091",2024-02-27 21:46:17,2,bought tesla chance httpswwwbusinessinsidercomelonmuskwantedapplebuyteslatimcookmeeting202012httpswwwbusinessinsidercomelonmuskwantedapplebuyteslatimcookmeeting202012 httpspreviewredditne25dl1p77lc1pngwidth1136formatpngautowebps44b4b5fc265acc71eb653d4941567cc8026ea091,Neutral,0.0
179,Pchandheldrizzygamer,Makes sense after Tesla and EV fad fading and the AI is the new Fad,2024-02-28 00:07:38,2,makes sense tesla ev fad fading ai new fad,Positive,0.4588
180,Dangerous_Dac,"\*squints eyes\* - uh, are those people who worked on the car thing really going to be that good at the generative AI thing?",2024-02-28 00:08:47,2,squints eyes uh people worked car thing really going good generative ai thing,Neutral,0.0
181,notagrue,I hope this is true. The car was an awful idea and could have been the demise of the company.,2024-02-28 00:56:32,2,hope true car awful idea could demise company,Positive,0.3818
182,milt_the_stilt,"This feels like the right move. As excited as I was to see what they‚Äôd create in this space, I‚Äôd rather see a strong focus on the next generation of CarPlay moving forward to make the driving experience for everyone much more enjoyable.",2024-02-27 19:11:58,2,feels like right move excited see ‚Äô create space ‚Äô rather see strong focus next generation carplay moving forward make driving experience everyone much enjoyable,Positive,0.4062
183,Constellation_XI,Apple rumored to cancel work on it's rumored electric car. Can't make this stuff up.,2024-02-27 19:29:35,2,apple rumored cancel work rumored electric car cant make stuff,Neutral,0.0
184,PurplePlan,"Hilarious. 

So click-bait has shifted from ‚ÄúApple electric car‚Äù to ‚ÄúApple Ai something something‚Äù. 

Lol",2024-02-27 19:36:06,2,hilarious clickbait shifted ‚Äú apple electric car ‚Äù ‚Äú apple ai something something ‚Äù lol,Positive,0.1901
185,switch8000,"I still don‚Äôt think it ever was a thing, it was always meant to just be a test bench for CarPlay and new features they could add into it.",2024-02-28 04:02:22,2,still ‚Äô think ever thing always meant test bench carplay new features could add,Neutral,0.0
186,LushousLightfoot,Or just buy some company like Nio for less than $20 billion and take some time to implement an Apple Car with what they have going,2024-02-28 01:08:54,2,buy company like nio less 20 billion take time implement apple car going,Neutral,0.0258
187,rm-rf-asterisk,"Or to blow your mind apple
Reveals car without windows",2024-02-28 02:17:04,2,blow mind apple reveals car without windows,Positive,0.9676
188,DarthRaider559,Lucid actually,2024-02-28 02:49:10,2,lucid actually,Neutral,0.0
189,SgtPepe,"It makes sense if they will fire those in the car team, and hire for more AI related roles. Obviously, Apple isn't asking a mechanical engineer to work on AI models.",2024-02-28 01:22:40,2,makes sense fire car team hire ai related roles obviously apple isnt asking mechanical engineer work ai models,Neutral,0.0
190,Portatort,"And it always would have been, nice to hear they have cut their losses.

An apple car would have been such a waste of focus",2024-02-27 19:17:30,2,always would nice hear cut losses apple car would waste focus,Positive,0.4588
191,yoloswagrofl,"I hadn‚Äôt thought of that, but you‚Äôre right. ‚ÄúApple Car Kills Three‚Äù would definitely be an upsetting headline to read.",2024-02-27 20:32:36,2,‚Äô thought ‚Äô right ‚Äú apple car kills three ‚Äù would definitely upsetting headline read,Neutral,0.0
192,JohrDinh,"It's definitely got some good use cases, but I'm just dreading what it'll do to the creative landscape.",2024-02-27 20:16:43,2,definitely got good use cases im dreading itll creative landscape,Neutral,0.0
193,Portatort,Would you rather no one reports of apple?,2024-02-27 20:15:06,2,would rather one reports apple,Positive,0.6908
194,gsfgf,"Also, there's still a battery shortage.  It would just be tough to launch a new EV company when the legacy manufacturers and Tesla are buying every battery they can get their hands on.",2024-02-28 04:20:44,2,also theres still battery shortage would tough launch new ev company legacy manufacturers tesla buying every battery get hands,Negative,-0.4084
195,7485730086,"Especially with the recent divestment of Polestar by Volvo, to their parent company. That makes an acquisition easier.",2024-02-27 23:26:19,2,especially recent divestment polestar volvo parent company makes acquisition easier,Neutral,0.0
196,hikeit233,"Yeah, and it‚Äôs not like apple can‚Äôt make use of electrical engineers working on power trains and batteries (which were probably outsourced anyway).¬†",2024-02-28 11:46:33,2,yeah ‚Äô like apple ‚Äô make use electrical engineers working power trains batteries probably outsourced anyway,Neutral,0.0
197,rawonionbreath,"One of the major tv makers, I can‚Äôt remember which one, just debuted basically what the Apple tv set would have been. The transparent tv screen that presents a perfect image when it turns on.",2024-02-28 03:07:56,2,one major tv makers ‚Äô remember one debuted basically apple tv set would transparent tv screen presents perfect image turns,Negative,-0.3612
198,EVOSexyBeast,I like the idea of high tech cars. I was looking forward to the Apple car :/,2024-02-27 19:33:17,2,like idea high tech cars looking forward apple car,Neutral,0.0
199,sh0nuff,"Obvs an NDA protects their work, but were the prototypes cool looking?",2024-02-28 11:51:25,2,obvs nda protects work prototypes cool looking,Positive,0.5965
200,Xillllix,Yeah the employees have been moved to other projects: it‚Äôs over.,2024-02-27 21:55:55,2,yeah employees moved projects ‚Äô,Neutral,0.0
201,[deleted],Gruber is just iJustine with more hype tbh,2024-02-27 21:56:29,2,gruber ijustine hype tbh,Positive,0.2732
202,als26,y'all have the weirdest made up situations,2024-02-27 21:27:30,2,yall weirdest made situations,Neutral,0.0
203,IronChefJesus,"You mean interiors as bare bones and flawed as Tesla? If you want bad quality, there are early 2000s kias that match. If you want bare bones then  the new volvos got you. 

Personally I like comfortable working interiors made of good quality materials, which is why I stay the fuck away from Tesla. 

They're the guys removing the driver's display only to sell it back to you as a premium feature in their higher end cars.",2024-02-27 19:51:44,2,mean interiors bare bones flawed tesla want bad quality early 2000s kias match want bare bones new volvos got personally like comfortable working interiors made good quality materials stay fuck away tesla theyre guys removing drivers display sell back premium feature higher end cars,Negative,-0.1901
204,jodudeit,"I meant it as a joke.

I thought what I was saying was absurd enough that no one would take it seriously.",2024-02-28 14:29:14,2,meant joke thought saying absurd enough one would take seriously,Neutral,0.0
205,selwayfalls,"Classic Tim picking the username ""BinOfBargains"" to throw us off the scent.",2024-02-27 20:14:20,2,classic tim picking username binofbargains throw us scent,Neutral,0.0
206,muribundi,Hooo I also think they lack vision‚Ä¶ for their Vision‚Ä¶,2024-02-27 19:42:44,2,hooo also think lack vision‚Ä¶ vision‚Ä¶,Positive,0.34
207,Adrian_F,"It‚Äôs just a buzzword for transformer models, because we want to convey we are not talking about old school CNNs or GANs and ‚Äúgen AI‚Äù makes business people care.",2024-02-28 09:44:40,2,‚Äô buzzword transformer models want convey talking old school cnns gans ‚Äú gen ai ‚Äù makes business people care,Positive,0.1779
208,iMacmatician,"That's why Gruber keeps bringing up the ""Big Hack"" (or at least used to) even though he knows it has nothing to do with Gurman. 

John Gruber is well known for his Apple commentary (and Markdown). He is a longtime and well-respective member of the Apple community and has connections to Apple. He's comfortably in the highest ""tier"" of Apple commentators in terms of social status. While Gruber seems to have some sources (""little birdie""s), *Daring Fireball* is not a rumor site. Hence one can surmise that he knows little about future Apple products aside from what the (public) rumor mill is saying. 

On the other hand, Mark Gurman has sources within Apple, and rather good ones too. To a reasonable extent, he ""knows"" what Apple will do a few weeks to a few years from now. I'd place him at the top tier of rumor sites in the past 20 years, along with *ThinkSecret*, *AppleInsider*, and *9to5Mac* in their heydays. 

The Apple community generally likes to get information about upcoming products for various reasons, and rumors and rumor sites satisfy that itch. Many people can make informed speculation about Apple's future, but without inside sources, it's really hard to sustain the level of accuracy and precision of a good rumor site. 

>It's strange to see his fans carrying around his weird grudges too.\^

And here's where I think the Gruber‚ÄìGurman situation comes in. In the Apple sphere, the only person who can be ""better"" than a well-informed commentator is a well-connected rumormonger. Moreover, the rumormonger only needs a much lower level of Apple knowledge or analysis that the commentator does, since (I assume) the rumormonger's *sources* provide most of the information, and too much editorializing is detrimental. Hence I suspect that Mark Gurman is seen as some kind of a threat by some of the heavily pro-Apple commentariat, which would explain the criticism that you're seeing. Note that Gurman rarely criticizes Gruber‚Äîhe doesn't need to!",2024-02-27 22:55:07,2,thats gruber keeps bringing big hack least used even though knows nothing gurman john gruber well known apple commentary markdown longtime wellrespective member apple community connections apple hes comfortably highest tier apple commentators terms social status gruber seems sources little birdies daring fireball rumor site hence one surmise knows little future apple products aside public rumor mill saying hand mark gurman sources within apple rather good ones reasonable extent knows apple weeks years id place top tier rumor sites past 20 years along thinksecret appleinsider 9to5mac heydays apple community generally likes get information upcoming products various reasons rumors rumor sites satisfy itch many people make informed speculation apples future without inside sources really hard sustain level accuracy precision good rumor site strange see fans carrying around weird grudges heres think gruber‚Äìgurman situation comes apple sphere person better wellinformed commentator wellconnected rumormonger moreover rumormonger needs much lower level apple knowledge analysis commentator since assume rumormongers sources provide information much editorializing detrimental hence suspect mark gurman seen kind threat heavily proapple commentariat would explain criticism youre seeing note gurman rarely criticizes gruber‚Äîhe doesnt need,Positive,0.1779
209,OxbridgeDingoBaby,And getting rid of 10% of their workforce in order to keep sales flat this year (best case scenario).,2024-02-28 06:18:28,2,getting rid 10 workforce order keep sales flat year best case scenario,Neutral,0.0
210,PeteWenzel,">US won‚Äôt allow it with tariffs 

True. More than tariffs even. They‚Äôll just ban them outright. And eventually roll out the entire Huawei treatment. Obviously.

>and likely same for EU.

No, likely not. BYD is setting up their first EU factory right now. And let‚Äôs not even get into the rest of the world.

BYD will be the largest automaker (by volume) by 2030, ahead of VW and Toyota.",2024-02-27 21:56:56,2,us ‚Äô allow tariffs true tariffs even ‚Äô ban outright eventually roll entire huawei treatment obviously likely eu likely byd setting first eu factory right let ‚Äô even get rest world byd largest automaker volume 2030 ahead vw toyota,Neutral,0.0
211,TheArstaInventor,"I also have to mention, they promote and have things like auto sensing wipers (which aren't great btw lol) and basic functions are hidden in that tablet, and outside the tablet, if you take that away, you are left with one of the most plain looking cars that probably looks like what a project built by college students on a budget would be like.",2024-02-27 19:53:24,2,also mention promote things like auto sensing wipers arent great btw lol basic functions hidden tablet outside tablet take away left one plain looking cars probably looks like project built college students budget would like,Neutral,0.0
212,H0rsemeatdisco,"It would appear I'm out of the loop, some of these new models have much better looking interiors - thanks for the heads up.

And yes, as I said the build quality of interior is probably lacking.",2024-02-27 20:39:04,2,would appear im loop new models much better looking interiors thanks heads yes said build quality interior probably lacking,Positive,0.7096
213,RanierW,"Drivetrain alone is significant investment. Ask VW. I think the way BYD is disrupting EV markets around the world has Timmy spooked. Plus EV demand overall is cooling, synthetic oil is threatening to upend this market as well.",2024-02-28 03:45:52,2,drivetrain alone significant investment ask vw think way byd disrupting ev markets around world timmy spooked plus ev demand overall cooling synthetic oil threatening upend market well,Positive,0.6369
214,Avieshek,"Same was the case for Apple Watch health features where Tim Cook elected to poach talent instead of paying permanent royalties. Most of the talent in US are from outside like Iran, China, Korea, India etc. It does matter how much money you have until it doesn't.",2024-02-27 19:38:55,2,case apple watch health features tim cook elected poach talent instead paying permanent royalties talent us outside like iran china korea india etc matter much money doesnt,Positive,0.3612
215,danielbauer1375,"But if they're ""cheap"" while providing a similar experience as more expensive cars in their category, does that not make them a good product, technological vulnerabilities notwithstanding?",2024-02-27 22:21:34,2,theyre cheap providing similar experience expensive cars category make good product technological vulnerabilities notwithstanding,Positive,0.5994
216,jrigas,How do you know they cars not good?,2024-02-27 22:50:04,2,know cars good,Positive,0.2263
217,GoSh4rks,"> Siri wouldn't be used for driving, but more for controlling non-essential things like windows, a/c, music etc.

Voice commands like the ones you list are already offered on cars today.",2024-02-28 19:55:28,2,siri wouldnt used driving controlling nonessential things like windows ac music etc voice commands like ones list already offered cars today,Negative,-0.5719
218,laughland,"Eh, I disagree personally, I think electric cars from other companies are modern enough. Tesla is minimal, sure, but arguably too minimal and certainly prioritizing aesthetics over function",2024-02-27 20:53:55,2,eh disagree personally think electric cars companies modern enough tesla minimal sure arguably minimal certainly prioritizing aesthetics function,Positive,0.743
219,IronChefJesus,I didn't say they weren't a viable company. I said they make fucking trash.,2024-02-27 20:28:51,2,didnt say werent viable company said make fucking trash,Positive,0.7783
220,RyenDeckard,"""Providing Escapism"" dude you cannot be for real.

You cannot be that reductionist with the concept of ""entertainment"".

The Vision Pro is very specifically not being marketed as an entertainment device because all other vr/ar headsets are, and they are floundering.

Apple is marketing this as a lifestyle device, which inherently must solve a problem or assist in productivity in a way that has not been seen before.

It is doing neither of these things.",2024-02-28 05:52:50,2,providing escapism dude real reductionist concept entertainment vision pro specifically marketed entertainment device vrar headsets floundering apple marketing lifestyle device inherently must solve problem assist productivity way seen neither things,Positive,0.0772
221,StrongOnline007,"Agree with this. The last interesting thing Apple did was switch to ARM ‚Äî and even that was done to create value for shareholders, though customers did also benefit. Apple today is everything Apple once stood against.",2024-02-27 21:54:28,2,agree last interesting thing apple switch arm ‚Äî even done create value shareholders though customers also benefit apple today everything apple stood,Neutral,0.0
222,IronChefJesus,"See, that would be find, if those buttons weren't necessary for the car to function, and for you to keep your eyes on the road while interacting with those functions. 

Teslas are inherently a more dangerous car due to that.",2024-02-27 20:36:08,2,see would find buttons werent necessary car function keep eyes road interacting functions teslas inherently dangerous car due,Neutral,0.0
223,IronChefJesus,"The Ex30. The new EX90 still has a driver's display. I don't think Tesla has any voice, and certainly no car play. The Volvos use android automotive",2024-02-27 20:06:04,2,ex30 new ex90 still drivers display dont think tesla voice certainly car play volvos use android automotive,Positive,0.1154
224,IronChefJesus,"I mean, i DO realize what sub we're on. Lol.",2024-02-27 20:43:07,2,mean realize sub lol,Positive,0.7579
225,GoSh4rks,https://www.youtube.com/shorts/98WwGIg5nF4,2024-02-27 21:49:24,2,httpswwwyoutubecomshorts98wwgig5nf4,Positive,0.6597
226,IronChefJesus,"Heat. Seat adjustment. And well I guess Tesla doesn't need buttons for all the functions it's missing. 

I have buttons for auto hold, buttons for recirculating air, to change drive modes, to turn the cameras on at will. And many more things. 

I guess when you have no features you don't need buttons for them.",2024-02-27 20:39:31,2,heat seat adjustment well guess tesla doesnt need buttons functions missing buttons auto hold buttons recirculating air change drive modes turn cameras many things guess features dont need buttons,Negative,-0.4019
227,StrongOnline007,What we have is the FAA delegating oversight to Boeing employees,2024-02-27 22:12:44,2,faa delegating oversight boeing employees,Neutral,0.0
228,IronChefJesus,"No, it's not cruise control, and drive modes are not park and reverse. They're features that most cars have that tesla doesn't bother with. It's ok. Its a nice smartphone, good apps.",2024-02-27 20:47:34,2,cruise control drive modes park reverse theyre features cars tesla doesnt bother ok nice smartphone good apps,Neutral,0.0
229,IronChefJesus,"This is a much bigger difference than taste. It's about vehicles that are unfit for the road driving next to me. I just hope you turn off your beta testing software next to me on the road, I'm not consenting to your beta test.",2024-02-27 20:53:29,2,much bigger difference taste vehicles unfit road driving next hope turn beta testing software next road im consenting beta test,Positive,0.4019
230,pppppatrick,I‚Äôm not part of the beta test.,2024-02-27 20:55:33,2,‚Äô part beta test,Neutral,0.0
231,IronChefJesus,Good. I'm glad. Unironically.,2024-02-27 20:56:00,2,good im glad unironically,Neutral,0.0
232,IronChefJesus,"I have an issue with Tesla making bad cars, yes.",2024-02-27 20:56:44,2,issue tesla making bad cars yes,Positive,0.7754
233,IronChefJesus,"You are right, they are unrelated. I just like to make sure when I talk to Tesla owners that they know I don't consent to their beta test.",2024-02-27 20:59:30,2,right unrelated like make sure talk tesla owners know dont consent beta test,Positive,0.34
234,MidnightZL1,"Jokes on everyone else, the car was never ever going to be something Apple made.",2024-02-27 19:17:47,1,jokes everyone else car never ever going something apple made,Neutral,0.0
235,1021986,"I wonder what was a bigger fail, this or Zuckerberg putting all his chips in the Metaverse only to abandon it a year later to pursue AI initiatives. 

I know the Apple Car has been in the works for almost 10 years now, but at least they never really came out and publicly promoted or even teased it. We really only knew of it from leaks. 

Zuckerberg at one point told employees that the company would be going ‚Äúall-in‚Äù on the Metaverse and even renamed the damn company to Meta. I‚Äôm not sure if there are figures out there for how much Apple invested in the car project but Meta had spent more than $50B to bring the Metaverse to life, which is almost hard to comprehend given how bad it looked.",2024-02-27 21:17:50,1,wonder bigger fail zuckerberg putting chips metaverse abandon year later pursue ai initiatives know apple car works almost 10 years least never really came publicly promoted even teased really knew leaks zuckerberg one point told employees company would going ‚Äú allin ‚Äù metaverse even renamed damn company meta ‚Äô sure figures much apple invested car project meta spent 50b bring metaverse life almost hard comprehend given bad looked,Positive,0.4215
236,Bacchus1976,Apple is the worst company to try to tackle Generative AI.  They are going to fail so hard.,2024-02-28 01:17:20,1,apple worst company try tackle generative ai going fail hard,Positive,0.5574
237,rhunter99,Thank goodness,2024-02-27 19:20:07,1,thank goodness,Positive,0.3612
238,Marmarlader,Always chasing.,2024-02-27 19:29:07,1,always chasing,Positive,0.3612
239,lebriquetrouge,Are we making the goggles or the car or AI or whatever the flippant kids want this time?,2024-02-27 19:53:47,1,making goggles car ai whatever flippant kids want time,Positive,0.3612
240,aNoob7000,I hope so.  I thought Apple producing an electric car as the dumbest thing ever.,2024-02-27 20:49:58,1,hope thought apple producing electric car dumbest thing ever,Negative,-0.423
241,FincherEnergy,I struggle to imagine what they could have offered that would set them apart from Tesla. It seems that Tesla made an Apple car before Apple could.,2024-02-27 21:13:29,1,struggle imagine could offered would set apart tesla seems tesla made apple car apple could,Positive,0.4215
242,mjmaterna,Who didn‚Äôt see this coming.LOL,2024-02-27 21:31:45,1,‚Äô see cominglol,Neutral,0.0
243,CombOverDownThere,"Ah well, sure I couldn‚Äôt afford it, anyway.",2024-02-27 21:40:45,1,ah well sure ‚Äô afford anyway,Neutral,0.0
244,DLPanda,"The car genuinely never made sense to me. You could do software but that hasn‚Äôt been Apple‚Äôs MO in what, thirty five years?",2024-02-27 22:29:43,1,car genuinely never made sense could software ‚Äô apple ‚Äô mo thirty five years,Positive,0.8014
245,divenorth,But what about the Generative Electric AI Car?,2024-02-27 22:33:18,1,generative electric ai car,Neutral,0.0
246,coldstone87,"Apple is like a super rich kid who wants all the chocolates because he has money. What he doesnt know is, money cant buy everything.¬†",2024-02-28 00:28:01,1,apple like super rich kid wants chocolates money doesnt know money cant buy everything,Positive,0.9286
247,hvyboots,"This is so stupid. I mean, it was never very smart to chase electric cars of all things? But to go down the spicy autocorrect rabbit hole now too‚Ä¶",2024-02-28 02:59:32,1,stupid mean never smart chase electric cars things go spicy autocorrect rabbit hole too‚Ä¶,Positive,0.6369
248,blackicebaby,This is bad news for Tesla,2024-02-28 05:39:53,1,bad news tesla,Positive,0.7871
249,six_six,"Did anyone actually believe Apple was making a car? 

Literally anyone?",2024-02-27 20:02:13,1,anyone actually believe apple making car literally anyone,Neutral,0.0
