Author,Text,Date,Score
surfinfan21,At this rate I‚Äôm just going to have my paycheck deposited with Apple and they can refund me an amount they find reasonable... üò∂,2020-12-21 21:54:43,2201
vishnusbasement,I wonder if Apple Care for these cars is going to replace traditional insurance. There are so many angles they could be looking to collect monthly payments.,2020-12-21 21:08:23,1959
LowerMontaukBranch,More intrigued by the battery technology. I hope the 2020s brings forth a revolution in battery technology. Imagine phones or laptops with batteries that last weeks.,2020-12-21 21:22:56,815
KillaWillaSea,"I feel like Apple could absolutely pull this off and come out ahead of Tesla if they play their cards right. They‚Äôre sitting on an absolutely massive pile of cash and can draw in top talent. 

I‚Äôll be interested to see how they try to differentiate themselves from the rest of the EV manufacturers.",2020-12-21 20:52:00,621
[deleted],[deleted],2020-12-21 21:06:09,599
[deleted],"Unless their pricing is more aggressive than Tesla, I don‚Äôt see it.

Apple expects people to buy $550 headphones. I can only imagine what the starting price of their car would be. It won‚Äôt be $35,000, I can tell you that.",2020-12-21 21:02:16,554
JimJamJamie,Insert verification AirPod,2020-12-21 22:38:40,531
[deleted],[deleted],2020-12-21 21:40:28,501
left4james,"Sadly, they will still be using the lightning port to charge the car battery.",2020-12-21 23:33:13,272
ersan191,"A $35,000 base model 3 isn‚Äôt a luxury car, I don‚Äôt care how many times you paste that Forbes link.",2020-12-21 22:05:35,262
iwishiwasacoolkid,"Can‚Äôt wait to spend my Apple refund this year on something fun, like groceries.",2020-12-21 22:40:11,246
[deleted],[deleted],2020-12-21 21:58:14,219
[deleted],"You laugh, but you ain‚Äôt heard where it needs to be inserted yet",2020-12-22 00:29:14,213
drunken-pineapple,Just imagine the amount of dongles that can be sold for a car....,2020-12-21 20:55:31,210
BadPronunciation,*laughs in AirPods max*,2020-12-21 22:42:34,200
greikini,"Before this happens, they will make the phones thinner or the CPUs more powerful. There are already phones out there with 3 times as much battery capacity, but like nobody cares.",2020-12-21 21:58:10,188
[deleted],"They have to be normal-sized ,not bricks",2020-12-21 22:01:27,160
[deleted],[removed],2020-12-21 22:29:01,159
[deleted],"Nothing Apple makes is cheap, really.

A $35,000 electric car, especially a luxury car like a Tesla, is an amazing price. Compare it to something like a Chevy Bolt and they just don‚Äôt compare at all. The Chevy is more expensive with worse features.

Electric cars aren‚Äôt going to become widespread until they‚Äôre equal in price to gas cars.

Apple isn‚Äôt known for going after the low end of the market.",2020-12-21 21:09:10,150
[deleted],"Ya, we should know very soon if they're actually planning to build a whole car themselves. They're going to need to hire a significant number of people and start procuring robots ASAP.

If we don't see mass hiring or any auto plants, or similar real estate, change hands soon (or in the recent past) then I have to imagine they're supplying tech and have a manufacturing partner. I would expect that partner is BMW.

Ford is a Microsoft and Rivian partner. Given GM's (limited) partnership with Nikola, I don't think it's GM. They're probably not going to choose Fiat/Chrysler because, well, it's Fiat/Chrysler. But, BMW has manufacturing  capacity in the US, has quickly adopted Apple technology in the past, and has a solid global dealer network.",2020-12-21 23:14:01,148
JesterLeBester,Yeah... talk to me when Groceries Pro comes out,2020-12-21 23:17:17,148
Baykey123,I can‚Äôt wait to try to change a flat tire only to realize I need pentalobe socket for the tire bolts,2020-12-21 21:17:25,142
FullstackViking,Lol it‚Äôll be some two way Capacitive OLED screen,2020-12-21 22:10:30,123
psaux_grep,Lightning Max^(tm),2020-12-22 00:58:06,109
tecialist,"By that logic, Apple can make anything.",2020-12-21 22:22:53,105
stonks_justgoup,"I'm sure this is in Apple's sights, but like the ""rumored TV"" was for the longest time, I have a feeling the final product will be scaled back far from a car form factor.

It makes more sense that whatever is in the works is a hardware/software product for gathering all types of data inputs revolved around the driving experience to strengthen their inputs and outputs for/from deep learning.

For example, I can totally see a battery management and carOS experience sold as a package deal to struggling auto manufacturers who simply don't have the expertise -- the industry conditions are certainly ripe for an arms race. This will strengthen macOS and iOS battery management tech as well. It makes sense that it runs some future iteration of M1 to further separate Apple's SoC advantage from the pack.  I'm reminded of this article with Apple exec John Giannandrea, [https://arstechnica.com/gadgets/2020/08/apple-explains-how-it-uses-machine-learning-across-ios-and-soon-macos/](https://arstechnica.com/gadgets/2020/08/apple-explains-how-it-uses-machine-learning-across-ios-and-soon-macos/)

This data, trained on millions of hours of driving, can produce a 'brain' strong enough to inform a more final form of a product where Apple earns end-to-end control. In a lot of ways, this reminds me of the insights Apple eventually came to with test flighting the Moto ROKR (which famously resulted in Steve's disgust towards carriers, and crafting a carrier playbook for iPhone). Only this time, they are in a way better position to influence the industry.

Going light and impactful with dollars spent gives Apple the benefits of a platform (and everything that comes with being in the Apple ecosystem), without having to front the capital intensive costs of car production. Apple can capture the hardware and software margin on top of a car that's sold and packaged in a way consumers can understand, without having to commit to a single 'car' model -- and at the same time, bolster the Apple ecosystem in a user-friendly way that informs the 'final form' of Apple Car (which won't have 4 wheels to begin with).",2020-12-21 21:41:02,102
[deleted],[deleted],2020-12-21 23:00:41,101
OutoflurkintoLight,And the car battery comes with a 5w charger for the next decade.,2020-12-21 23:30:50,101
thedrivingcat,"    Important Engine Message
>""Unable to verify this iCar has genuine Apple oil. Vehicle will not travel above 30mph (50km/h)""",2020-12-22 01:07:28,96
Dragon_yum,"They pretty much can. They got the money, talent and the prestige to get the best people. Just a month ago they arte the cake of the worlds biggest cpu company.",2020-12-21 23:29:57,85
avr91,"Not in the slightest. Insurance covers damage to other property and injury, and is in some US states required by law. Cannot imagine that Apple would get into that business.",2020-12-21 22:26:30,78
andrewjaekim,"I‚Äôm sorry but did you just call Tesla a luxury car. 

The sheer amount of QA issues and the low quality of materials that Tesla uses doesn‚Äôt put it into luxury car territory. Luxury car price maybe. 

You buy a Tesla for the tech. That‚Äôs about it.

EDIT: for those unfamiliar with Tesla's QA issues

https://www.thedrive.com/news/22951/new-tesla-model-3-with-mismatched-door-panels-is-a-new-kind-of-bespoke-build

https://www.motortrend.com/news/tesla-model-y-ev-safety-quality-issues-problems/

https://www.autoblog.com/2020/10/05/tesla-roof-flies-off-build-quality-control/

https://www.consumerreports.org/car-reliability-owner-satisfaction/tesla-model-3-loses-cr-recommendation-over-reliability-issues/

I know since this is a tech focused sub that this is a controversial thing to say but Tesla‚Äôs have their strengths but also have their weaknesses.",2020-12-21 21:54:58,77
coconutjuices,35k for the average American is a luxury expense...,2020-12-21 22:18:08,77
derfmatic,Tires are not user serviceable.  You got to bring it to the Apple store to have it replaced for $2500 each (got to replace all 4 for optimum experience).,2020-12-21 22:35:57,71
[deleted],[removed],2020-12-22 01:20:17,70
[deleted],[deleted],2020-12-21 22:42:08,68
[deleted],[removed],2020-12-21 23:45:44,68
[deleted],[removed],2020-12-21 23:10:44,63
Jimmy48Johnson,An iPhone can last a month if you go back to the feature set of that Ericsson T28.,2020-12-21 22:45:12,61
leah_amelia,Product (RED) Groceries,2020-12-22 00:22:44,59
mags87,That doesn't make it a luxury vehicle.,2020-12-21 23:38:52,58
Anazazi,"I could see them partnering with an existing insurer rather than offering their own. Underwriting policies for a relatively new market is scary for existing insurers, let alone a company who has no experience with it.",2020-12-21 22:23:16,57
DyNATO,Would make sense with BMW. Didn‚Äôt they also collab on some door/ignition key tech for the new BMW 5-series?,2020-12-21 23:23:35,56
yngvius11,Why not? Tesla sells its own insurance.,2020-12-21 22:34:31,56
CanYouPleaseChill,"This would likely be a poor decision. Why would Apple want to get into a highly competitive, low-margin, capital-intensive business? Their returns on capital in their existing business are a lot higher than what they'd earn in the automotive business.",2020-12-21 22:03:33,54
[deleted],"I can‚Äôt wait for them to release a $100k luxury car someday, only to be condemned by bloggers around the world for overpricing it, as they drive away in their ‚Äò97 Accords",2020-12-21 22:12:06,53
KyledKat,"I disagree. Those cheap products are using internals that have been around for years. The R&D, production pipelines, and any overhead have already been dealt with. A brand new product like a car is going to run on the higher-end of the market given how little infrastructure there currently is for Apple to do any of that",2020-12-21 21:10:04,52
dsquareddan,"I‚Äôm still under belief that this isn‚Äôt an Apple branded car, but an operating system with specific hardware requirements for other car manufacturers.

The logistics of building, shipping, and repairing cars across the globe is an enormous undertaking. Without swallowing an already established manufacturing facility, I just don‚Äôt see it happening. Apple might be sitting on a mountain of cash, but that doesn‚Äôt mean they are going to risk it for something that would most likely be the largest risk to date on a ‚Äúproduct‚Äù.

And it‚Äôs more than just build an electric car at this point. You need a robust fast charging network, which at this point only Tesla truly has. Electrify America is more and more widespread, but charge speeds are not comparable. And outside America, example Canada where I live, you will be hard pressed to find anything as common as Tesla chargers.

If they partner with existing manufacturers, like they have with CarPlay and CarKey integration already, it makes the whole idea a lot easier to implement and gives customers still the choice to follow brands they already are familiar with, such as BMW, Volkswagen, Ford etc.",2020-12-21 22:59:12,50
[deleted],[removed],2020-12-21 21:10:20,48
twilight_sparkle7511,"Ye if u get down to it the model 3 is lacking many luxury features such as heads up display, blind spot monitoring, overhead camera, cooled seats, the actual interior is not bad bur not amazing, up until recently i dont think they even had a power operated boot. The giant touch screen in the end is cool but kinda gimicky   Its just all your controls but digitized with some feature like netflix and games. Autopilot is really whats saving them features wise",2020-12-21 22:39:03,48
hunny_bun_24,I do agree with you. Audi and Porsche have done a better job at delivering a luxury experience but techies don‚Äôt need luxury. Techies need the best tech features.,2020-12-21 22:22:29,44
beretta01,Power brick not included.,2020-12-22 01:31:58,42
BobioliCommentoli,We think you‚Äôll love it.,2020-12-21 23:29:11,42
Nathan2055,"As much as I used to agree with you there, having gone from an iPhone 6S to an iPhone XR, they‚Äôve really improved the battery drastically. The XR lasts like 2.5x as long as the 6S did.

On top of that, the iPhone 7 was, IIRC, the last year where they actually made the iPhone thinner. Since then, most of the models have either remained the same or even slightly *increased* the thickness, culminating in the iPhone 12 line actually reverting to the iPhone 4 and 5-style square edges.

The problem is that it‚Äôs really difficult to offer massive performance boosts *and* massive battery life increases in the same form factor at the same time. The hardware revision on the Switch managed to double the battery life by upgrading to a newer and faster SoC, but it still targets the same performance that the original model was getting. Because of that, they can reduce the power draw to get additional battery life. Meanwhile, Apple is trying to offer massive yearly performance bumps. They can do that, and keep the battery life generally where it was last year, or they can provide similar performance and much better battery life. Or you can carry a comically oversized brick around with you and get both.

But it *is* disingenuous to say that Apple simply isn‚Äôt working on those problem. The fact that the M1 MacBook Air has 12+ hours of battery life while still offering performance equivalent to a desktop PC is a testament to that.",2020-12-22 01:44:36,38
filmantopia,"Unlike the TV, this is a far bigger project that Apple has has hundreds of people working on for five or more years, including hires from around the automotive industry. They're likely narrowing it down at this point.",2020-12-21 21:54:20,37
[deleted],"Yeah they will just make the battery the size of a grain of rice so that they can have the thinnest and lightest phone. Personally, I think phones are plenty light and are honestly already *too* thin, in that they are getting difficult to hold without a case.",2020-12-21 23:17:52,37
Chicken-n-Waffles,"Well, they do have a credit card.",2020-12-21 23:17:44,34
catlong8,"I don‚Äôt really get what your point here is? Mobile phones are high margin, retail stores are also high margin when you‚Äôre selling your own high margin products, especially so with the target demographic. Online music also isn‚Äôt capital intensive and wasn‚Äôt highly competitive when iTunes started?",2020-12-21 22:46:47,34
Baykey123,Mac Pro wheels cost more than a set of 4 tires for my Honda,2020-12-21 23:42:56,34
GODZiGGA,"Yes, Tesla's insurance is underwritten by AXA, a large insurance and financial services company.",2020-12-21 23:55:44,34
beretta01,....because eNvIrOmEnT,2020-12-22 01:32:17,33
[deleted],that's what a battery pack is for,2020-12-21 23:13:09,33
Nathan2055,"Like others have said, I imagine they would get an existing company to underwrite it but then handle all of the foreword-facing elements themselves, similar to what they did with Goldman for the Apple Card.",2020-12-22 01:34:14,31
[deleted],"You could say the same thing about Google. They got the money, talent and the prestige to get the best people.

Yet the list of failed Google products is very long.

Just because a company is succesfull in one area doesn't mean they will be succesfull in every area.",2020-12-22 05:51:43,30
North_Activist,"Google spends money on 1000 different products and kills 90% of them after a year or two, so people look at Google as unreliable. Apple in the other hand as only focused on a couple of products and rarely if ever kills them quickly afterwards",2020-12-22 06:08:32,30
nolte100,"It‚Äôll debut right after the Apple television that‚Äôs been ‚Äúright around the corner‚Äù for like 20 years.

I can believe Apple is dabbling in battery tech related to cars or self-driving tech, in the interest of expanding/diversifying their product portfolio. Don‚Äôt hold your breath for an Apple-branded car.",2020-12-21 22:31:22,29
DaveInLondon89,"The car will charge your iPhone wirelessly, I guarantee it. 

You'll also have to get it repaired at the GenuisBarage",2020-12-21 22:09:43,29
IAmTaka_VG,"LMAO and who do you think Apple will be buying their batteries from? Musk is an asshole but he's not an idiot. He knows whoever owns the batteries, owns the EV market which is why Tesla is pouring 90% of their money in making those Giga-factories.

Tesla is going to be fine and I just don't see Apple making a car. Everyone here thinks it's going to be Apple branded rims when the leaks tell a much different story. Rumour is Apple just wants to sell the software (self driving and dashboard). They are leaving the car up to manufacturers.",2020-12-21 23:14:24,29
pn_dubya,Bloggers drove Model 3s these days - it‚Äôll be an Apple vs Tesla fanboy battle.,2020-12-21 22:39:58,29
jbr_r18,Tomatoes and Strawberries all year round,2020-12-22 00:30:01,29
11_25_13_TheEdge,Apples.,2020-12-22 03:18:01,29
LeLocle,Nope you'll have a crate of apple on your doorstep every week. That's it.,2020-12-21 23:08:25,27
sevaiper,"It doesn‚Äôt really have any significant advantages though, insurance costs what it costs for a reason.",2020-12-21 22:44:59,27
Sigma1979,"We're already making excuses for Apple nickle and diming the consumer for a product that hasn't even been released yet, LMAO",2020-12-21 22:50:48,27
everythingiscausal,"I‚Äôm still skeptical that this‚Äôll ever see the light of day, but if there‚Äôs any one differentiating factor that could give them a clear winner of a product, it‚Äôs significantly improved battery tech.",2020-12-21 21:41:53,26
Jeffy29,Yeah this article is full of shit. If Apple was looking to sell a car by 2024 they would already need to start building manufacturing plants and setting up their supply chains. Those kinds of things take years to setup and you can‚Äôt do it in secrecy. Apple would by now firmly know if they are making a car or not.,2020-12-22 00:57:30,26
gadgetluva,"AutoPilot comes with the Model 3, FSD costs $10k",2020-12-21 23:11:20,26
[deleted],[deleted],2020-12-21 21:11:13,25
[deleted],[deleted],2020-12-22 04:21:06,25
mazu74,"At this point, I‚Äôm just assuming it‚Äôs because Apple and Amazon just want to rule the fucking country",2020-12-21 23:27:52,24
lick_it,"Dyson tried and failed, granted Apple > Dyson but manufacturing cars is hard. An order of magnitude harder than phone manufacturing. Anyone can make a car but what makes it hard is making an affordable car.",2020-12-21 22:13:25,23
TheRealBejeezus,"Even AppleCare is ""really"" outside insurance company contracts.",2020-12-22 00:42:02,23
lownotelee,"It doesn‚Äôt have to be US$35k. Tesla‚Äôs first car was in the US$x00k region, their next was closer to US$100k, and Tesla seem to be having trouble hitting the US$35k mark.

I‚Äôd be absolutely stunned if Apple offer anything automotive for under US$100k.",2020-12-21 22:20:44,23
doommaster,"They might do the same they do in their other products and cripple functionality on the base of consumer protection.

Which is a lie, but so far calmed/smeared every lawmaker in the US.",2020-12-21 23:56:29,22
GLOBALSHUTTER,Their differentiator from a Tesla will be customer service and quality control. Their differentiator over the other guys is improved software experience.,2020-12-21 22:52:24,22
GLOBALSHUTTER,"I disagree. Tesla is car company that is ahead on software at a time when software is becoming ever more important to cars. Apple won‚Äôt beat Tesla on speed or features but they‚Äôll certainly beat them on customer service and quality control. If they make a car they‚Äôll play the long game. They should release a car before their self-driving is perfected though and use the fleet for learning all while severely limiting the self-driving user driving options. Heck, if Apple has their head screwed on their car will have simple functionality such as a way to open the glovebox without needing to use the centre display. Basic stuff such as dials for climate control. Apple adding a Digital Crown as the control method for AirPods Max honestly bodes well for thinking about the prospect of them making a car. The UX of car ownership of most cars honestly sucks. Sitting at an Apple car dashboard might be a nice place to be. The idea of being in control of that experience probably tantalisers the designers at Apple.",2020-12-21 22:39:13,22
stonks_justgoup,"It's most likely the brain that they're targeting and it won't be a car. My bet is with Porsche, Mercedes, BMW, Lexus -- whoever is falling behind in sales but still has consumer mindshare / demographic crossover.

Working in the industry, hardware is incredibly capital intensive (not just materials, but also on long term commitments) and you constantly have to weigh the opportunity cost of capital in the product development process. To break in as a new entrant, you need to break in your product experience into things that look familiar to the consumer or else you front enormous mindshare risk in an attempt to 'create a market'.

It's well known that software marginal costs at scale are close to zero, and the profit is in the ability to rent it out or sell it in an enterprise environment. Apple is no stranger to this advantage they have on both sides and they will use it in powerful ways.",2020-12-21 22:03:15,22
tuffode,"yeah, and the 2017 5 series was the first car with wireless apple carplay",2020-12-22 00:51:14,22
RollTide09,"I‚Äôm pretty sure Tesla uses a third party to handle it all, right?",2020-12-21 22:58:13,22
ojedaforpresident,"The premise was, imagine if... 

we came from the scenario in which that was the reality. Practically speaking, chargers are all around us. We've chosen to walk around with micro computers that make most computers >5 years old look like they're a pocket calculator. 

Most people don't care that you have to plug in a phone at night, or in ones car. Once a phone battery handles being actively engaged for a full day, the extra hours or days become marginally important to an overwhelming majority of the population.",2020-12-21 22:59:17,22
[deleted],[deleted],2020-12-21 21:35:01,22
stonks_justgoup,"There are people in the industry who manufacture rumors for various reasons -- whether that's to gain leverage on a partner, test flight ideas for consumer feedback, identify leakers, etc. Apple branded car doesn't necessarily mean from the rubber up. It could be a co-branded project.

People also infamously said the iPhone would have two keyboards, two batteries, and take after the design of the LG Chocolate -- while also saying (and trying to prove via photos) that the 5th generation iPod would have the same body with a touch screen and that it wasn't going to make its way into the iPhone. We know how that one turned out..

As someone who has been following Apple's every move since 2005 who now works in this industry, I wouldn't take much stock in those rumors. History has proven over and over again that the rumor mill is not a reliable source of information, with exception to Ming Chi Kuo, who has crazy supply chain contacts. Plans change, and Apple is run by people who are thinking in decades -- not to hit an arbitrary consumer/media expectation by 2024.",2020-12-21 22:12:58,21
Chowder1054,"35 is base. If you want to add more features and especially the self driving features that Tesla is known for, you‚Äôre gonna be paying well above 35K.

To be actually affordable to the average person, it‚Äô should be in the high 10s to mid 20s. And not to mention the charging stations infrastructure isn‚Äôt that great everywhere.",2020-12-21 23:05:03,21
tkim91321,"iCar: MSRP starting $70k

iCar Pro: MSRP starting $100k

iCar Pro Max: MSRP starting $130k

Charger sold separately. Battery replacement with Apple Care, $4000. Proprietary charger so none of the EV chargers are compatible. Dongle adapter for $2000.",2020-12-21 21:41:52,20
badgarok725,"Those wheels are stupid, but that makes it mind glowingly dumb",2020-12-22 01:44:39,20
jas417,"However, everything Apple makes is cheap compared with the upper end of the car market.

Also, everything Apple makes is priced towards the top of what a very large market is willing to pay for it.

Most people cannot and will never be able to afford a new Porsche or Mercedes-Benz product. Most people can afford an iPhone, even if it's a splurge. I bet they'll actually shoot for products that match the premium feel of everything they make but it'll be more in the $30k-$60k range than the high-end(for cars).",2020-12-21 23:04:26,20
Tlan_Imass,the cost of insurance is in the domain of actuarial science,2020-12-21 23:35:25,20
jae-corn,Luxury expense does not always equal luxury quality item.,2020-12-22 01:30:09,20
Saiing,"I wish Apple luck.  The only thing I would hope is that if they genuinely make advancements in battery tech, they are willing to license or share it with the world.  Improved batteries is something that can benefit mankind and contribute to a reduction in CO2 emissions.  This is way more important than competitive business activities, and shouldn‚Äôt be in the hands of a single company.  For sure Apple can ask for a royalty on any technology they develop, but I really hope they don‚Äôt keep something like that to themselves.",2020-12-21 22:37:05,19
FermiThePhysicist,Funny but presumably they‚Äôd only ever produce electric cars or supply tech for gas car,2020-12-22 03:42:09,19
mushiexl,"*car needs new brake pads and resurfacing*

Apple Dealership Mechanic: **just throw away the whole car bro**",2020-12-21 23:18:59,19
HansBananaNuke,iphones are really heavy mine is 230g,2020-12-22 00:33:57,18
wetsip,">	It remains unclear who would assemble an Apple-branded car, but sources have said they expect the company to rely on a manufacturing partner to build vehicles. And there is still a chance Apple will decide to reduce the scope of its efforts to an autonomous driving system that would be integrated with a car made by a traditional automaker, rather than the iPhone maker selling an Apple-branded car, one of the people added.

Yeah, well, that‚Äôs kinda the most important detail here and without it this is a non-story. 

Building a car is not the same as building consumer electronics it‚Äôs in a completely different category and contracting that work out is a really weird model because of the volumetric needs of a car manufacturing plant *and* we haven‚Äôt even addressed battery manfuacturing something traditional car makers *can not do or have not proven effective at.* Maybe Apple licenses its technology to a traditional auto maker but even that is weird for Apple who loves vertical integration and tight control to optimize for user experience. 

This is a huge leap and this story gives us no details.

**note:** I‚Äôm not saying Apple shouldn‚Äôt make a car or that Apple would not succeed at making a car, I‚Äôm just really skeptical of Apple getting into the car manufacturing business.",2020-12-21 22:53:56,17
PHXHoward,But what will I do with all of the Apple stickers that come with products if there‚Äôs already an Apple logo on the car???,2020-12-21 23:35:38,17
YJCH0I,"Cue ‚ÄúIf Apple made a car, would it have Windows? Hurdurdurdur‚Äù jokes.",2020-12-21 22:51:25,17
TangoZulu,"This would likely be a poor decision. Why would Apple want to get into a highly competitive, low-margin, capital-intensive business? Their returns on capital in their existing business are a lot higher than what they'd earn in the **mobile phone** business.

This would likely be a poor decision. Why would Apple want to get into a highly competitive, low-margin, capital-intensive business? Their returns on capital in their existing business are a lot higher than what they'd earn in the **retail store** business.

This would likely be a poor decision. Why would Apple want to get into a highly competitive, low-margin, capital-intensive business? Their returns on capital in their existing business are a lot higher than what they'd earn in the **online music** business.",2020-12-21 22:28:45,16
engwish,And you have to flip the car over to plug it in.,2020-12-22 07:11:40,16
InsertOffensiveWord,except autopilot is a $10k option,2020-12-21 22:58:30,16
[deleted],They can raise your rates 10 ms before your crash.,2020-12-22 01:02:49,16
stcwhirled,The TLX is basically an Accord snd starts at $35k is not really a luxury car...,2020-12-21 23:14:20,16
APintoNY,"Tesla calls autopilot ‚Äúautopilot‚Äù but it‚Äôs literally just lane keep assist and adaptive cruise control, the name is a marketing ploy. The actual autopilot is the full self driving, but every calls full self driving autopilot because thats how they were always talking about it. Kinda sketchy on them tbh.",2020-12-22 01:09:05,16
CustomaryTurtle,"The thing about it is, a lot of people don't see a car as a 35k lump sum.

If you can get a low financing rate on the car, $35k suddenly becomes ~$500 a month (after a decent downpayment). To many people, who need a car to get to and from work, $500 a month is very doable at a mediocre salary, especially for the younger crowd without children.",2020-12-22 00:37:49,16
TangoZulu,That's what they said when Apple announced the iPhone. Just sayin'...,2020-12-21 22:21:31,15
pn_dubya,"The Porsche Taycan is ~$150k and selling well. Model X is typically over $100k, Lucid‚Äôs models will span $75k-$170k. There‚Äôs definitely a market and Apple can afford to invest and learn.",2020-12-21 22:37:43,15
[deleted],[deleted],2020-12-21 22:25:44,15
DavidisLaughing,"Apple will need to build massive infrastructure to accomplish this. I doubt that is something we would miss. Until that point I will not believe it. As Tesla has proven, you can design a car very easily, it‚Äôs the production that is difficult.

Good luck, hope they succeed if that‚Äôs the direction they want to go.",2020-12-21 23:30:45,14
twizzle101,Apple car won't be cheap though.,2020-12-21 21:38:53,14
everythingiscausal,"Their new Macs get best-in-class battery life. For their phones, they probably target a certain battery life and minimize the physical size from there. As long as it lasts full-day for most people, it probably meets their design goals. In other words, they could make longer battery life phones, but they don‚Äôt want to.",2020-12-21 21:45:32,14
alepher,With no off switch,2020-12-22 03:27:03,14
goldcakes,It‚Äôs not. Apple self underwrites it.,2020-12-22 01:48:04,14
whoisdees,And manufacturing your own chips..,2020-12-21 23:12:07,14
greenfroggie1,And next year thinner and lighter tomatoes and strawberries,2020-12-22 03:48:30,14
kjoseph777,BuT iT DoEsNt HaVe tHiN BeZEls,2020-12-21 21:38:13,14
FriarNurgle,You guys are getting paid?,2020-12-21 22:54:42,14
ShaderzXC,Almost all new expensive cars charge phones wirelessly.,2020-12-21 23:43:04,13
filmantopia,"A new report from Reuters says Apple is producing an Apple Branded car in 2024.

https://www.macrumors.com/2020/12/21/apple-car-production-rumored-2024/",2020-12-21 22:08:59,13
filmantopia,"I have been also following Apple since 2003. I worked at their SoHo store for four years following the release of the iPhone. I know the rumor mill well.

You should know that when an organization like Reuters, Bloomberg or WSJ come out with a report like this, it‚Äôs likely because they‚Äôve been fed by a reliable source within Apple. These rumors are frequently accurate, if perhaps off by a detail due to possible issues translating what they‚Äôve been told for their report. Apple often does this kind of leak to drum up excitement and interest for things they haven‚Äôt announced‚Äî the report of the bezel-less iPhone X two years in advance is an example.

Apple will need to spill the beans about the Car earlier than they typically do, due to the public nature of this kind of production. It‚Äôs going to be a bit different, but in the end it will just be Apple‚Äôs way of doing a car. Very exciting time.",2020-12-21 22:27:10,13
toddwalnuts,"lmao you‚Äôre cappin bigtime and you know it...

even the 16 month old A13 outperforms Qualcomm unreleased latest and greatest in certain areas, and the A14 is just better period. What processor used in androids in *2015* would make an iPad w/ an A12 ‚Äúpale in comparison...? I‚Äôll wait.....",2020-12-21 21:39:15,13
[deleted],Terrible decision. I bought a great used car with most bells and whistles for half that,2020-12-22 00:26:39,13
[deleted],"Here you go:

https://www.caranddriver.com/news/g25741172/best-selling-luxury-cars-suv-2018/

I could find another source, if this is also on your list of sources that disagree with your opinion.",2020-12-21 22:23:50,13
[deleted],They got into credit card bussiness‚Ä¶ sooo idk why not.,2020-12-21 22:42:57,12
[deleted],[deleted],2020-12-21 22:28:04,12
doommaster,"Apple Care... after 90 days of ownership.. Oh you don't have it and your window switch is broken?

Sry, that'll be 5k for a new door.  
Buy a used replacement part and replace it yourself?  
Fine, now we will leave all your powered windows disabled and you audio system will switch to mono, for your own safety, obviously.",2020-12-21 23:50:23,12
hunny_bun_24,Okay guy a 20-30k car doesn‚Äôt suck. Idk what you consider to be a sucky car though.,2020-12-21 22:24:06,12
Nathan2055,"Indeed. IIRC, the original 2007 iPhone had something like 100x the power of everything single computer used at every level of the Apollo 11 mission *combined*. And now, recent iPhones boast performance metrics that make the desktop computers from 2007 look like children‚Äôs toys.

It‚Äôs really a testament to how insane ARM has gotten. They‚Äôve managed to squeeze high performance, good thermals, and low power draw into a tiny package. Once desktop manufacturers finally move away from x86, the development we‚Äôre going to see with processors over the next few years is going to be insane.",2020-12-22 01:50:48,12
SamSparkSLD,In no way shape or form is Apple Music not successful lol,2020-12-22 11:26:32,12
Cat_Marshal,Yeah not sure how they missed that one,2020-12-22 06:45:56,12
Tapiture-,Welcome to the United States of Apple,2020-12-22 02:45:33,11
kjoseph777,Makes it harder for thieves,2020-12-21 21:39:03,11
thedrivingcat,True. I didn't even need to change the battery message at all! Haha.,2020-12-22 03:54:47,11
TangoZulu,"Every time Apple has entered a new business sector, these exact same ""impossible hurdles"" are brought up. Margins are too thin. Industry is too competitive. Apple is an X company, not a Y company!

Mobile phones were NOT a high-margin business before Apple. Hell, just pull up famous the Balmer video laughing at the idea of a $1,000 phone. Apple was mocked for opening their own retail stores, retail is too tricky they said. Online music didn't even exist outside of pirating, no way Apple could get the labels on board and build an infrastructure that facilitated legal downloads, nor would consumers pay a dollar for a song. 

Rinse repeat. So I guess the point is, at what does it become foolhardy to just discount Apple because of ""challenges""?",2020-12-21 23:03:24,11
[deleted],"If you don't love it, you will still want it.",2020-12-21 23:55:47,11
otterquestions,"Underwriting in insurance doesn't mean outsourcing. You still have 100s of employees, engineers, office buildings and everything for insurance companies that are underwritten by parent companies, at least in my country.",2020-12-22 00:56:59,11
kjmass1,That's why you have insurance against the uninsured.,2020-12-22 00:43:44,11
rascalmendes,It will be fun watching their retail employees have to learn how to troubleshoot issues with a car.,2020-12-21 22:11:20,10
Darth_Thor,So... A Nokia 3310?,2020-12-21 22:56:18,10
ojedaforpresident,"I mean, my Ericsson T28 lasted me over a week before it needed a charge, so it's not hard to imagine.",2020-12-21 22:19:13,10
It_is_my_username,[Here you go.](https://www.gsmarena.com/energizer_power_max_p18k_pop-9573.php),2020-12-21 23:34:50,10
enygma9,"""And one more thing...""",2020-12-22 05:11:31,10
[deleted],"Yeah, i‚Äôm not expecting a car to suck me off. That‚Äôs the only real luxury worth paying for",2020-12-21 22:43:33,10
andrewjaekim,I agree. Tesla has certainly commanded the premium market space. It has a long way to go to compete with the luxury marquees.,2020-12-21 22:27:50,10
thom612,"Because they sell on payments, not price.",2020-12-22 02:46:22,10
[deleted], man you‚Äôre really reaching to think the average American is getting sub 1% apr at 3 years...,2020-12-22 00:49:53,10
DimitriTooProBro,There‚Äôs companies that sell headphones cost well over a grand so it isn‚Äôt really an absurd concept.,2020-12-21 22:29:32,9
sup3r_hero,">	musk is not an idiot

After the diver incident and all the stuff he tweets about where experts scratch their heads i wouldn‚Äôt sign this statement",2020-12-22 07:40:23,9
RoyalPatriot,"You‚Äôre assuming Tesla doesn‚Äôt figure out customer service and quality control by 2025, and that the other guys don‚Äôt have improved software experience by 2025. 

I think Apple will do great in their own market, but I don‚Äôt see them dominating by making tens of millions like Toyota.",2020-12-22 01:00:32,9
avenger1005,Live free or die,2020-12-21 23:57:49,9
Socky_McPuppet,">	Nothing Apple makes is cheap, really.

This is absolutely correct. But a lot of the things they make offer surprisingly good *value*.",2020-12-22 00:26:34,9
berooz,Wow. So eeeedgyyyyy,2020-12-22 00:49:35,9
TheMacMan,"We're been hearing that ""next level"" battery tech is coming for years now and have yet to see it happen. Every time there's a breakthrough people get excited but what works in a lab hasn't generally translated into everyday life.",2020-12-21 22:39:27,8
K1ng-Harambe,"offbeat lunchroom seed tie subsequent ten sleep offer sulky arrest

 *This post was mass deleted and anonymized with [Redact](https://redact.dev)*",2020-12-22 00:01:31,8
MCA2142,"Like titanium credit cards, and wallets.",2020-12-22 03:01:16,8
ResidualSound,">Apple expects people to buy $550 headphones.

This user is not an audiophile.",2020-12-21 22:40:08,8
GLOBALSHUTTER,Dyson didn‚Äôt have the money so couldn‚Äôt take the risk after discovering how expensive it was. Apple doesn‚Äôt have that problem.,2020-12-21 22:46:06,8
doommaster,"If they come more luxury than a Tesla, they might pull that one off.  
Srsly though, WHAT aside from price and assistant features is luxury in a Model S?",2020-12-21 23:53:14,8
BMonad,"Would make much more sense that they at the very least start off as a major partner with a big player. Something luxury like BMW, Mercedes or Lexus. A brand willing and able to shell out some big $ for an exclusive collaboration that will generate a ton of buzz and interest (i.e. the Apple Car by Lexus; take that, Tesla). That way Apple doesn‚Äôt have to break into a bunch of mechanical component supply chains that are foreign to them, among other things. Then after they develop some domain expertise, they could start their own thing.",2020-12-22 01:14:51,8
[deleted],But not really. That‚Äôs backed by Goldman‚Äôs,2020-12-22 00:29:26,8
[deleted],Light pods pro max,2020-12-22 05:33:17,8
[deleted],[deleted],2020-12-21 21:54:29,8
[deleted],"The risk of damaging the vehicle based on mainly 4 factors...

1. Driver History
2. Location of Driver Registration
3. Value of vehicle
4. Level of the license

Pretty straight forward and a self explanatory as to why these are the factors.  


EDIT: I think this is true for pretty much any city in North America (where I have driven)...",2020-12-21 23:39:24,8
Hank_Scorpio74,Or you die.,2020-12-22 01:49:25,8
otterquestions,"And the science is better the more data it has access to. Apple and Tesla can collect super accurate info on probably of accident due to the software in the cars, which means a better price for consumers or better margins for the insurance company. Cutting out the middle man also adds to value, you aren't paying for the insurance companies office block, ceos salary or advertising budget",2020-12-22 00:47:56,8
GODZiGGA,"[""...the estimated average transaction price for a light vehicle in the United States was $37,876 in February 2020. New-vehicle prices increased $975 (up 2.6%) from February 2019, while falling $126 (down 0.3%) from last month.""](https://www.prnewswire.com/news-releases/average-new-vehicle-prices-up-nearly-3-year-over-year-in-february-2020-according-to-kelley-blue-book-301015050.html)

TL; DR: Pickup trucks are $50k+ luxury vehicles that Americans love.",2020-12-22 01:43:27,8
filmantopia,"I‚Äôm not telling you I worked retail to tout my insider status. I‚Äôm using it to demonstrate my level of long term interest in the company.

Apple‚Äôs major product flagship hardware lines have always been aggressive bets. And every time they are successful. iPod, iPhone, iPad, Apple Watch. Next in the 2020‚Äôs: AR, then car. This is the future of the company. Car is going to be a tech business, and I can see Apple leading the way in this area.

You think Apple labeled this product ‚ÄúTitan‚Äù because it‚Äôs a minor undertaking for them?",2020-12-21 22:43:10,8
gadgetluva,"Look man, I was just clarifying the difference based on what‚Äôs on the website. Not trying to dictate the morality of the company",2020-12-22 01:11:17,8
Yakapo88,This is very interesting. My only concern is the quality of the service department.  Every luxury car dealer I‚Äôve done service at gives you a level of service beyond the Genius Bar.,2020-12-21 22:16:24,7
Xillllix,"By 2024 Tesla will most probably be established as the Full Self Driving leader and they won't rely on LIDAR. They'll also dominate the EV by selling at least 5 million cars a year sold and will have a 25k FSD EV.

The ones that will capitulate if Apple tries to compete in the EV space are GM, Toyota and Ford. These companies are drowning in debt unable to turn their fat polluting ship.

That said, no matter how much money Apple has, Tesla has been gathering the data billions of miles driven by its fleet for years. They can try to commercialize a third party system, but they can't beat Elon Musk at his own game.

If Apple gets in this arena and fail to keep up with Tesla, then Tesla instantly becomes the biggest and most respected company in the world.

Will sure be interesting to see what happens.",2020-12-21 22:49:15,7
daveinpublic,Fiat Chrysler is also with Waymo.,2020-12-21 23:55:18,7
the_old_coday182,"If you‚Äôve ever had a car with a factory warranty, they basically do that already.",2020-12-22 02:21:07,7
papajace,"And then slowly integrate vertically, squeezing out suppliers where they can. It‚Äôs the Apple way :)",2020-12-22 05:55:12,7
Bklyn78,I think New Hampshire car insurance is not required.,2020-12-21 23:40:57,7
Chicken-n-Waffles,"> they‚Äôll release something fairly high end at first,

All successful companies release something high end first.  Companies that cater to the lower tier never last or get gobbled up by a company that can add that to their bottom line.",2020-12-21 23:17:14,7
Chicken-n-Waffles,I think it's just a brand perk.  There's hardly any benefit if any.,2020-12-22 06:35:32,7
CarbonTail,"""Because you can use older power bricks from your ICE cars""",2020-12-22 06:12:45,7
GreetyPeety,"The only one being naive is you. 
Nobody knows how this is gonna pan out. 
One things for sure, apple isn‚Äôt just gonna show up at Panasonic in 5 years; ‚Äúhey, got batteries?‚Äù

Your way of thinking is why Nokia lost... your way of thinking is why many old-school car manufacturers are gonna loose... 
technical debt is a major part of this. 
Cars are insanely complex and involves a lot of parts, but mostly ICE cars; EVs cars are a lot less complex and this is where the opportunity is.",2020-12-22 03:59:43,7
limonb,if only we knew why,2020-12-22 01:44:50,7
ShaderzXC,"Yeah, no. A used ¬£15k Honda is a low end car, a brand new ¬£25k Honda still isn‚Äôt luxury. Luxury is ¬£40k+",2020-12-21 23:35:48,7
stonks_justgoup,"Hate to burst the bubble but working retail =/= corporate. 

These reports are not 'frequently' accurate as you'd think. As someone who is very familiar with how the sausage is made, you'd be surprised at how much strategic leaking there is going around. After all, this is a competitive business.

Apple has never been a company about taking overly aggressive bets. The entire industry is racing to become the next gen leader in artificial intelligence via deep learning, computer vision --- and using chip advantages and R&D spend to build their kingdoms on top (this is why the battle between SMIC and TSMC has become an issue of national security). 

Apple's strength is in hardware/software, securing long-term contractual agreements with their suppliers and locking out their competitors (see 5nm process with TSMC, unibody manufacturing process, haptic motor design) and the product will materialize based off of this foundation.",2020-12-21 22:36:43,7
GoSh4rks,A 2015 TLX is not in the luxury segment. It was a $30k car.,2020-12-21 23:23:47,7
I_have_shoes,"Big difference between regular lane keep assist (ping ponging between lines), and lane-centering which Autopilot does.

I rented a model 3 to do a four-hour drive to the beach. The car drove itself 95% of the time. It was similar to the first time I used an iPhone - simply incredible.",2020-12-22 03:48:14,7
AngryFace4,If they‚Äôre only insuring their own car they may not be able to reach the scale required to make insurance profitable.,2020-12-21 23:06:13,6
JanMichaelVincent16,Can‚Äôt wait to upgrade my car every two years.,2020-12-22 01:22:28,6
pn_dubya,Tesla already does this (and it rules).,2020-12-21 22:40:43,6
[deleted],">  and shouldn‚Äôt be in the hands of a single company

On the other hand what's their incentive to spend their billions developing it if not to market it themselves?",2020-12-21 23:45:37,6
iSprainedMyUvula,"Yeah, the add-ons for this thing are just going to be INSULTING.",2020-12-21 23:24:06,6
Jt0323,They won‚Äôt have windows,2020-12-22 08:01:56,6
[deleted],[deleted],2020-12-21 23:24:41,6
marahsnai,"All I‚Äôve wanted for years is an actual TV. Basically a 65‚Äù screen with an Apple TV inside of it, but shit I would buy the hell out of that. 

Would love them to venture into household consumer electronic goods, give me an apple fridge, and apple oven gloves I‚Äôll take it all haha.",2020-12-22 04:04:42,6
lownotelee,"They‚Äôre not marking Corollas, it doesn‚Äôt have to be cheap",2020-12-21 22:21:52,6
Bourbone,">	fucking country

Hahaha. World maybe? They have a lot more money than MANY countries.",2020-12-22 03:55:54,6
North_Activist,This is something I could see them totally doing. I mean Tesla already has their own car charger,2020-12-22 06:05:48,6
HenaeZ,well I mean you don‚Äôt switch off a tesla either so...,2020-12-22 07:26:36,6
Psychological_Grabz,"We‚Äôre selling millions and millions of phones and Apple is selling 0 phones.

- a very famous CEO circa 2007",2020-12-22 02:16:19,6
filmantopia,"Just want to reply to you to say.... EXACTLY. It's a never ending cycle.

Once the rumors are more solidified, or the announcement comes, then comes the next wave: 

""Okay, so Apple's doing X, but no one is going to buy it.""

Followed, of course, by:

""All the people buying X are sheep.""

Then eventually they buy X and complain about it lacking some outdated port or feature... followed by finally referring to X to demonstrate how Apple was once great and now lost its way.",2020-12-21 23:37:26,6
[deleted],iPhone 12 Pro Max is 226g naked.,2020-12-22 06:43:48,6
JoeBloeinPDX,"If you think about it, they could then replace the screen with some ports and a different case, and should be able to sell a Mini for about the same price.  If they wanted to...",2020-12-21 22:47:19,6
JustinGitelmanMusic,In what world? Apple silicon is ahead of any used by android in a given year. That means you‚Äôd need a processor more than 5 years old for a 2015 Android phone to have even a fighting chance. So.. A8 or A9. They‚Äôre not using those for the iPad. Plus the A12 Bionic is even better than the A12 used in phones.,2020-12-21 21:41:46,6
[deleted],"I‚Äôm glad you‚Äôre making enough money where $1,000 is ‚Äúcheap‚Äù.

It‚Äôs not to many people, especially this year when millions have lost their jobs.",2020-12-22 03:48:41,6
ShaderzXC,A <10k Honda is effectively a beater car. In no world is a used ¬£15k Honda remotely close to luxury.,2020-12-21 23:41:21,6
old_sellsword,Doesn‚Äôt make it a luxury car though,2020-12-21 23:53:57,6
[deleted],[deleted],2020-12-21 23:56:01,5
Antrikshy,"Tesla does it, so it wouldn't be unheard of.",2020-12-21 22:44:17,5
surfinThruLyfe,What‚Äôs Tesla doing at the moment? Good luck getting your car back from repairs if you give it to Tesla.,2020-12-22 00:49:33,5
Kupfakura,Wow that's a bold assumption. I see them failing. Maybe they create a transport system around the campus,2020-12-21 21:21:54,5
[deleted],Almost every car brand has wireless charging built into new cars already. I just bought a new car and test drove a dozen models over like 8 different makes and they all had wireless charging in the car.,2020-12-21 23:46:47,5
MLGSwaglord1738,Put quotes around luxury lmao.,2020-12-21 22:19:58,5
JanMichaelVincent16,"Isn‚Äôt $4000 is cheap for EV batteries? Last I checked, Tesla batteries were worth half the Tesla itself.",2020-12-22 01:32:07,5
filmantopia,It won‚Äôt work because some people hate Apple? Um.,2020-12-21 23:52:45,5
koolman2,In that case they have to provide free oil per the Magnuson-Moss Warranty Act. :),2020-12-22 05:28:30,5
Jeffy29,"Lmao, they‚Äôll literally reinvent the wheel üòÇ",2020-12-22 00:50:06,5
Lingo56,"Given this is how Apple handles the supply chain for literally all of their products it seems very likely.

All of their cheaper products are almost exactly the same as their more expensive ones from 1-3 years ago, just that they‚Äôve been manufacturing them longer.

You also don‚Äôt want to target a mass market on a new experimental product line. Typically it pays off to limit the market initially by catering only to people in a high-budget bracket.",2020-12-22 02:17:24,5
[deleted],[deleted],2020-12-21 22:27:34,5
[deleted],[deleted],2020-12-21 23:58:07,5
ojedaforpresident,"They make money on that. I'd be surprised if the classic iPad isn't one of the bigger money makers. Not the most base model, but the ones with extra storage. A 50$-100$ markup for adding in a chip that ups the component price by 10-15$, cha-ching. 

The design for these, they have down to a science, so they're relatively cheap to engineer, and the sales numbers scale exceptionally because they're so affordable.",2020-12-21 22:16:36,5
jas417,"What he means is a lease more or less, and that model has been wildly successful. The shared car thing doesn‚Äôt work because people want their own car.",2020-12-22 01:03:10,5
stonks_justgoup,"Apple would own both hardware and software still. The automobile manufacturer would just provide the panels, glass, chassis, drivetrain, etc. Apple doesn't need any of that data -- what's valuable is to know where people are going and how to map the environment surrounding, etc, and use this information to strengthen the ecosystem.",2020-12-21 22:41:10,5
catlong8,"I think the problem apple would have here is that most people can afford to spend $500-$2000 on a luxury item every so often, even if it is expensive for what it is. Not many people can afford to spend $60,000 on a car.",2020-12-21 23:07:00,5
[deleted],[deleted],2020-12-22 01:03:36,5
[deleted],[removed],2020-12-22 02:43:28,5
[deleted],"Yes. That‚Äôs a lot of money.

There are tons of Windows laptops in the $400-600 range.",2020-12-22 03:37:48,5
Logseman,Your age was inferred from your nickname.,2020-12-22 01:35:13,5
Science4every1,Bro it‚Äôs a fucking phone,2020-12-21 23:50:08,5
WhiteyMcBrown,"Apple has a huge shot here. This is a big business opportunity(potentially hundreds of billions) and I don‚Äôt think Apple will half-step. I appreciate everything Musk had done for electric cars (and online payments and space exploration), but I deeply despise his personal brand. I find him, as a personality, super lame. I know many do not but if Apple‚Äôs able to even match Tesla, some will go with the Apple car. I already picked my BMW over a Tesla for this reason. I don‚Äôt want to be part of Team Musk. 

Either way. More competition is good.",2020-12-22 00:28:11,4
[deleted],"Introducing iCar. Starting at $1.5 Million you can easily add on the wheels for $35,000.",2020-12-21 22:19:15,4
Wacktool,Kid Jailbreaks iCar and drives off a bridge,2020-12-21 21:32:29,4
Matador91,They would never put out anything that efficient. They still need to sell a new phone every year.,2020-12-22 03:06:54,4
ChirpToast,"Tesla also has cash and can draw in top talent. Unless Apple can find a way to sell an EV under 30K...  


By the time they possibly could, Tesla will most likely be under that mark.",2020-12-21 23:27:46,4
GLOBALSHUTTER,$99K wireless charger on expensive wheels. Sounds like Apple.,2020-12-21 22:50:13,4
smartazz104,As opposed to other carmakers that charge exorbitant fees for things like upgrading their proprietary GPS software.,2020-12-21 22:18:17,4
bcm17,Im fully expecting it to be a partnership with either BMW or Volkswagen. They‚Äôve worked with both in the past and they feel like they align most with apples overall design choices,2020-12-22 01:18:06,4
I_LOVE_MOM,"I know guys who work at Tesla and Apple. Let's just say the Tesla guys work a lot harder and get more done due to the company culture set by Elon. Apple might have a hard time beating that no matter how much money they throw at it. Things may have been different in the Jobs era. 

Also don't forget Tesla has a 15-year head start when it comes to EVs",2020-12-22 07:09:02,4
wetsip,They can‚Äôt afford Tesla anymore (>$600B Market Cap) that opportunity is long gone.,2020-12-21 23:19:29,4
[deleted],[deleted],2020-12-21 22:39:09,4
Yakapo88,Do they make money on the $300 iPads?  Or is it just something they are willing to break even on and then sell software?,2020-12-21 22:09:46,4
wetsip,"I don‚Äôt disagree with the vision but the execution timeline here makes this really untenable especially if any volume manufacturing for Apple is 36-48 months out and especially if they plan to rely on sourcing vehicle batteries from a 3rd party (who???) 

The idea that Apple can scale a ‚Äúfleet‚Äù for learning sounds great, this has been Tesla‚Äôs approach, but while Tesla is expecting to produce millions of cars per year by 2024, Apple will just be starting. It takes years to scale automobile manufacturing and if they want to produce electric vehicles that same reality is true for batteries. Even if you have billions and billions, building these facilities is on the order of years.

To add conservative estimates project half of all vehicles by 2030 will be BEV. Apple will have a hell of time trying to compete for material sourcing against Tesla, Daimler, Toyota, Volkswagen, Ford, GM....",2020-12-21 23:12:55,4
[deleted],[deleted],2020-12-21 22:35:56,4
pixel_of_moral_decay,"I think a lot of people would pay for a vehicle ""powered by Apple"" or ""powered by Tesla"".

But figuring out how to stamp out a pickup truck that can handle 15 years of pickup life is not easy.  It's really not.  Tesla can't even get body panels perfectly lined up.  The last vehicle that I believe had that issue was the Yugo.

That's how far back and how budget you have to go to find someone who's had the same problems Tesla has.  A Yugoslavian car manufacturer from 30+ years ago.

Meanwhile, on the Technology side Tesla is years ahead of anyone.

Now imagine if they partnered with BMW to offer a Tesla powered version of 3 series or X3.  Tesla drive train and smarts.  BMW body/interior wrapped around it.  They wouldn't be able to meet demand for the orders. No question about it.

Next partner with Honda and do the same with the Accord/Civic/Pilot lines.  Same deal.  Honda body/interior with Tesla drivetrain/smarts.  Or Toyota.  Both companies well known for vehicles that last forever and have rock solid bodies on a budget.

If Apple's playing it smart, they'll go this route and snap up the better partners into exclusive deals.",2020-12-21 23:02:55,4
JimJamJamie,üòèüôè we think you‚Äôre gonna love it,2020-12-22 03:21:47,4
bicameral_mind,"Definitely isn't.  The base Model 3 is a tough value proposition, because it lacks so much of what you would want from a Tesla, while still costing as much as a full spec midrange sedan like a Passat.  If your max budget is $35k there are just so many better value options out there unless you are dead set on electric.",2020-12-21 23:41:16,4
[deleted],[removed],2020-12-22 01:09:16,4
